[0.013s] Invoking command in '/home/michele-zarantonello/BFMC/BRAIN_driveops/luxonis_ws/src/traffic_sign/depthai-ros/build/depthai_ros_msgs': CMAKE_PREFIX_PATH=${CMAKE_PREFIX_PATH}:/opt/ros/jazzy DEBUGINFOD_URLS=https://debuginfod.ubuntu.com /usr/bin/cmake /home/michele-zarantonello/BFMC/BRAIN_driveops/luxonis_ws/src/traffic_sign/depthai-ros/depthai-ros/depthai_ros_msgs -DMAKE_BUILD_TYPE=Release -DAMENT_CMAKE_SYMLINK_INSTALL=1 -DCMAKE_INSTALL_PREFIX=/home/michele-zarantonello/BFMC/BRAIN_driveops/luxonis_ws/src/traffic_sign/depthai-ros/install/depthai_ros_msgs
[0.079s] -- The C compiler identification is GNU 13.3.0
[0.144s] -- The CXX compiler identification is GNU 13.3.0
[0.160s] -- Detecting C compiler ABI info
[0.244s] -- Detecting C compiler ABI info - done
[0.255s] -- Check for working C compiler: /usr/bin/cc - skipped
[0.255s] -- Detecting C compile features
[0.255s] -- Detecting C compile features - done
[0.264s] -- Detecting CXX compiler ABI info
[0.365s] -- Detecting CXX compiler ABI info - done
[0.375s] -- Check for working CXX compiler: /usr/bin/c++ - skipped
[0.375s] -- Detecting CXX compile features
[0.376s] -- Detecting CXX compile features - done
[0.380s] -- Found ament_cmake: 2.5.4 (/opt/ros/jazzy/share/ament_cmake/cmake)
[0.550s] -- Found Python3: /usr/bin/python3 (found version "3.12.3") found components: Interpreter 
[0.637s] -- Override CMake install command with custom implementation using symlinks instead of copying resources
[0.689s] -- ------------------------------------------
[0.689s] -- Depthai ROS MSGS/INTERFACES is being built using AMENT.
[0.689s] -- ------------------------------------------
[0.692s] -- Found geometry_msgs: 5.3.6 (/opt/ros/jazzy/share/geometry_msgs/cmake)
[0.757s] -- Found rosidl_generator_c: 4.6.6 (/opt/ros/jazzy/share/rosidl_generator_c/cmake)
[0.776s] -- Found rosidl_generator_cpp: 4.6.6 (/opt/ros/jazzy/share/rosidl_generator_cpp/cmake)
[0.798s] -- Using all available rosidl_typesupport_c: rosidl_typesupport_fastrtps_c;rosidl_typesupport_introspection_c
[0.827s] -- Using all available rosidl_typesupport_cpp: rosidl_typesupport_fastrtps_cpp;rosidl_typesupport_introspection_cpp
[0.887s] -- Found vision_msgs: 4.1.1 (/opt/ros/jazzy/share/vision_msgs/cmake)
[0.914s] -- Found sensor_msgs: 5.3.6 (/opt/ros/jazzy/share/sensor_msgs/cmake)
[0.961s] -- Found rosidl_default_generators: 1.6.0 (/opt/ros/jazzy/share/rosidl_default_generators/cmake)
[0.982s] -- Found rosidl_adapter: 4.6.6 (/opt/ros/jazzy/share/rosidl_adapter/cmake)
[1.743s] -- Found ament_cmake_ros: 0.12.0 (/opt/ros/jazzy/share/ament_cmake_ros/cmake)
[2.724s] -- Using all available rosidl_typesupport_c: rosidl_typesupport_fastrtps_c;rosidl_typesupport_introspection_c
[3.105s] -- Using all available rosidl_typesupport_cpp: rosidl_typesupport_fastrtps_cpp;rosidl_typesupport_introspection_cpp
[3.109s] -- Found python_cmake_module: 0.11.1 (/opt/ros/jazzy/share/python_cmake_module/cmake)
[3.249s] -- Found PythonExtra: /usr/bin/python3  
[3.693s] -- Found Python3: /usr/bin/python3 (found version "3.12.3") found components: Interpreter Development NumPy Development.Module Development.Embed 
[3.793s] -- Configuring done (3.8s)
[3.874s] -- Generating done (0.1s)
[3.877s] [33mCMake Warning:
[3.877s]   Manually-specified variables were not used by the project:
[3.877s] 
[3.877s]     MAKE_BUILD_TYPE
[3.877s] 
[3.877s] [0m
[3.889s] -- Build files have been written to: /home/michele-zarantonello/BFMC/BRAIN_driveops/luxonis_ws/src/traffic_sign/depthai-ros/build/depthai_ros_msgs
[3.900s] Invoked command in '/home/michele-zarantonello/BFMC/BRAIN_driveops/luxonis_ws/src/traffic_sign/depthai-ros/build/depthai_ros_msgs' returned '0': CMAKE_PREFIX_PATH=${CMAKE_PREFIX_PATH}:/opt/ros/jazzy DEBUGINFOD_URLS=https://debuginfod.ubuntu.com /usr/bin/cmake /home/michele-zarantonello/BFMC/BRAIN_driveops/luxonis_ws/src/traffic_sign/depthai-ros/depthai-ros/depthai_ros_msgs -DMAKE_BUILD_TYPE=Release -DAMENT_CMAKE_SYMLINK_INSTALL=1 -DCMAKE_INSTALL_PREFIX=/home/michele-zarantonello/BFMC/BRAIN_driveops/luxonis_ws/src/traffic_sign/depthai-ros/install/depthai_ros_msgs
[3.900s] Invoking command in '/home/michele-zarantonello/BFMC/BRAIN_driveops/luxonis_ws/src/traffic_sign/depthai-ros/build/depthai_ros_msgs': CMAKE_PREFIX_PATH=${CMAKE_PREFIX_PATH}:/opt/ros/jazzy DEBUGINFOD_URLS=https://debuginfod.ubuntu.com /usr/bin/cmake --build /home/michele-zarantonello/BFMC/BRAIN_driveops/luxonis_ws/src/traffic_sign/depthai-ros/build/depthai_ros_msgs -- -j8 -l8
[3.955s] [  1%] [34m[1mGenerating type hashes for ROS interfaces[0m
[3.963s] [  1%] Built target ament_cmake_python_symlink_depthai_ros_msgs
[4.218s] running egg_info
[4.219s] creating depthai_ros_msgs.egg-info
[4.248s] writing depthai_ros_msgs.egg-info/PKG-INFO
[4.249s] writing dependency_links to depthai_ros_msgs.egg-info/dependency_links.txt
[4.249s] writing top-level names to depthai_ros_msgs.egg-info/top_level.txt
[4.249s] writing manifest file 'depthai_ros_msgs.egg-info/SOURCES.txt'
[4.329s] reading manifest file 'depthai_ros_msgs.egg-info/SOURCES.txt'
[4.329s] writing manifest file 'depthai_ros_msgs.egg-info/SOURCES.txt'
[4.363s] [  1%] Built target ament_cmake_python_build_depthai_ros_msgs_egg
[4.485s] [  1%] Built target depthai_ros_msgs__rosidl_generator_type_description
[4.496s] [  2%] [34m[1mGenerating C code for ROS interfaces[0m
[4.507s] [  2%] [34m[1mGenerating C++ code for ROS interfaces[0m
[5.549s] [  2%] Built target depthai_ros_msgs__cpp
[5.846s] [  3%] [32mBuilding C object CMakeFiles/depthai_ros_msgs__rosidl_generator_c.dir/rosidl_generator_c/depthai_ros_msgs/msg/detail/hand_landmark__description.c.o[0m
[5.847s] [  4%] [32mBuilding C object CMakeFiles/depthai_ros_msgs__rosidl_generator_c.dir/rosidl_generator_c/depthai_ros_msgs/msg/detail/auto_focus_ctrl__functions.c.o[0m
[5.847s] [  3%] [32mBuilding C object CMakeFiles/depthai_ros_msgs__rosidl_generator_c.dir/rosidl_generator_c/depthai_ros_msgs/msg/detail/auto_focus_ctrl__description.c.o[0m
[5.847s] [  4%] [32mBuilding C object CMakeFiles/depthai_ros_msgs__rosidl_generator_c.dir/rosidl_generator_c/depthai_ros_msgs/msg/detail/auto_focus_ctrl__type_support.c.o[0m
[5.848s] [  5%] [32mBuilding C object CMakeFiles/depthai_ros_msgs__rosidl_generator_c.dir/rosidl_generator_c/depthai_ros_msgs/msg/detail/hand_landmark_array__description.c.o[0m
[5.848s] [  5%] [32mBuilding C object CMakeFiles/depthai_ros_msgs__rosidl_generator_c.dir/rosidl_generator_c/depthai_ros_msgs/msg/detail/hand_landmark__type_support.c.o[0m
[5.848s] [  6%] [32mBuilding C object CMakeFiles/depthai_ros_msgs__rosidl_generator_c.dir/rosidl_generator_c/depthai_ros_msgs/msg/detail/hand_landmark__functions.c.o[0m
[5.849s] [  7%] [32mBuilding C object CMakeFiles/depthai_ros_msgs__rosidl_generator_c.dir/rosidl_generator_c/depthai_ros_msgs/msg/detail/hand_landmark_array__functions.c.o[0m
[5.902s] [  8%] [32mBuilding C object CMakeFiles/depthai_ros_msgs__rosidl_generator_c.dir/rosidl_generator_c/depthai_ros_msgs/msg/detail/imu_with_magnetic_field__description.c.o[0m
[5.902s] [  9%] [32mBuilding C object CMakeFiles/depthai_ros_msgs__rosidl_generator_c.dir/rosidl_generator_c/depthai_ros_msgs/msg/detail/hand_landmark_array__type_support.c.o[0m
[5.918s] [  9%] [32mBuilding C object CMakeFiles/depthai_ros_msgs__rosidl_generator_c.dir/rosidl_generator_c/depthai_ros_msgs/msg/detail/imu_with_magnetic_field__functions.c.o[0m
[5.921s] [ 10%] [32mBuilding C object CMakeFiles/depthai_ros_msgs__rosidl_generator_c.dir/rosidl_generator_c/depthai_ros_msgs/msg/detail/imu_with_magnetic_field__type_support.c.o[0m
[5.928s] [ 11%] [32mBuilding C object CMakeFiles/depthai_ros_msgs__rosidl_generator_c.dir/rosidl_generator_c/depthai_ros_msgs/msg/detail/tracked_feature__description.c.o[0m
[5.946s] [ 11%] [32mBuilding C object CMakeFiles/depthai_ros_msgs__rosidl_generator_c.dir/rosidl_generator_c/depthai_ros_msgs/msg/detail/tracked_feature__functions.c.o[0m
[5.946s] [ 12%] [32mBuilding C object CMakeFiles/depthai_ros_msgs__rosidl_generator_c.dir/rosidl_generator_c/depthai_ros_msgs/msg/detail/tracked_feature__type_support.c.o[0m
[5.952s] [ 13%] [32mBuilding C object CMakeFiles/depthai_ros_msgs__rosidl_generator_c.dir/rosidl_generator_c/depthai_ros_msgs/msg/detail/tracked_features__description.c.o[0m
[5.966s] [ 13%] [32mBuilding C object CMakeFiles/depthai_ros_msgs__rosidl_generator_c.dir/rosidl_generator_c/depthai_ros_msgs/msg/detail/tracked_features__functions.c.o[0m
[5.987s] [ 14%] [32mBuilding C object CMakeFiles/depthai_ros_msgs__rosidl_generator_c.dir/rosidl_generator_c/depthai_ros_msgs/msg/detail/tracked_features__type_support.c.o[0m
[5.995s] [ 15%] [32mBuilding C object CMakeFiles/depthai_ros_msgs__rosidl_generator_c.dir/rosidl_generator_c/depthai_ros_msgs/msg/detail/spatial_detection__description.c.o[0m
[6.010s] [ 15%] [32mBuilding C object CMakeFiles/depthai_ros_msgs__rosidl_generator_c.dir/rosidl_generator_c/depthai_ros_msgs/msg/detail/spatial_detection__functions.c.o[0m
[6.013s] [ 16%] [32mBuilding C object CMakeFiles/depthai_ros_msgs__rosidl_generator_c.dir/rosidl_generator_c/depthai_ros_msgs/msg/detail/spatial_detection__type_support.c.o[0m
[6.022s] [ 17%] [32mBuilding C object CMakeFiles/depthai_ros_msgs__rosidl_generator_c.dir/rosidl_generator_c/depthai_ros_msgs/msg/detail/spatial_detection_array__description.c.o[0m
[6.037s] [ 18%] [32mBuilding C object CMakeFiles/depthai_ros_msgs__rosidl_generator_c.dir/rosidl_generator_c/depthai_ros_msgs/msg/detail/spatial_detection_array__functions.c.o[0m
[6.046s] [ 18%] [32mBuilding C object CMakeFiles/depthai_ros_msgs__rosidl_generator_c.dir/rosidl_generator_c/depthai_ros_msgs/msg/detail/spatial_detection_array__type_support.c.o[0m
[6.050s] [ 19%] [32mBuilding C object CMakeFiles/depthai_ros_msgs__rosidl_generator_c.dir/rosidl_generator_c/depthai_ros_msgs/msg/detail/track_detection2_d__description.c.o[0m
[6.064s] [ 20%] [32mBuilding C object CMakeFiles/depthai_ros_msgs__rosidl_generator_c.dir/rosidl_generator_c/depthai_ros_msgs/msg/detail/track_detection2_d__functions.c.o[0m
[6.074s] [ 20%] [32mBuilding C object CMakeFiles/depthai_ros_msgs__rosidl_generator_c.dir/rosidl_generator_c/depthai_ros_msgs/msg/detail/track_detection2_d__type_support.c.o[0m
[6.089s] [ 21%] [32mBuilding C object CMakeFiles/depthai_ros_msgs__rosidl_generator_c.dir/rosidl_generator_c/depthai_ros_msgs/msg/detail/track_detection2_d_array__description.c.o[0m
[6.105s] [ 22%] [32mBuilding C object CMakeFiles/depthai_ros_msgs__rosidl_generator_c.dir/rosidl_generator_c/depthai_ros_msgs/msg/detail/track_detection2_d_array__functions.c.o[0m
[6.106s] [ 22%] [32mBuilding C object CMakeFiles/depthai_ros_msgs__rosidl_generator_c.dir/rosidl_generator_c/depthai_ros_msgs/msg/detail/track_detection2_d_array__type_support.c.o[0m
[6.108s] [ 23%] [32mBuilding C object CMakeFiles/depthai_ros_msgs__rosidl_generator_c.dir/rosidl_generator_c/depthai_ros_msgs/srv/detail/trigger_named__description.c.o[0m
[6.135s] [ 24%] [32mBuilding C object CMakeFiles/depthai_ros_msgs__rosidl_generator_c.dir/rosidl_generator_c/depthai_ros_msgs/srv/detail/trigger_named__type_support.c.o[0m
[6.139s] [ 25%] [32mBuilding C object CMakeFiles/depthai_ros_msgs__rosidl_generator_c.dir/rosidl_generator_c/depthai_ros_msgs/srv/detail/trigger_named__functions.c.o[0m
[6.144s] [ 25%] [32mBuilding C object CMakeFiles/depthai_ros_msgs__rosidl_generator_c.dir/rosidl_generator_c/depthai_ros_msgs/srv/detail/normalized_image_crop__description.c.o[0m
[6.165s] [ 26%] [32mBuilding C object CMakeFiles/depthai_ros_msgs__rosidl_generator_c.dir/rosidl_generator_c/depthai_ros_msgs/srv/detail/normalized_image_crop__functions.c.o[0m
[6.165s] [ 27%] [32mBuilding C object CMakeFiles/depthai_ros_msgs__rosidl_generator_c.dir/rosidl_generator_c/depthai_ros_msgs/srv/detail/normalized_image_crop__type_support.c.o[0m
[6.264s] [ 27%] [32m[1mLinking C shared library libdepthai_ros_msgs__rosidl_generator_c.so[0m
[6.314s] [ 27%] Built target depthai_ros_msgs__rosidl_generator_c
[6.328s] [ 27%] [34m[1mGenerating C++ type support dispatch for ROS interfaces[0m
[6.330s] [ 27%] [34m[1mGenerating C++ introspection for ROS interfaces[0m
[6.331s] [ 30%] [34m[1mGenerating C++ type support for eProsima Fast-RTPS[0m
[6.331s] [ 30%] [34m[1mGenerating C introspection for ROS interfaces[0m
[6.331s] [ 30%] [34m[1mGenerating C type support for eProsima Fast-RTPS[0m
[6.331s] [ 31%] [34m[1mGenerating C type support dispatch for ROS interfaces[0m
[7.720s] [ 32%] [32mBuilding CXX object CMakeFiles/depthai_ros_msgs__rosidl_typesupport_cpp.dir/rosidl_typesupport_cpp/depthai_ros_msgs/msg/auto_focus_ctrl__type_support.cpp.o[0m
[7.728s] [ 34%] [32mBuilding CXX object CMakeFiles/depthai_ros_msgs__rosidl_typesupport_cpp.dir/rosidl_typesupport_cpp/depthai_ros_msgs/msg/hand_landmark__type_support.cpp.o[0m
[7.728s] [ 34%] [32mBuilding CXX object CMakeFiles/depthai_ros_msgs__rosidl_typesupport_cpp.dir/rosidl_typesupport_cpp/depthai_ros_msgs/msg/hand_landmark_array__type_support.cpp.o[0m
[7.731s] [ 35%] [32mBuilding CXX object CMakeFiles/depthai_ros_msgs__rosidl_typesupport_fastrtps_cpp.dir/rosidl_typesupport_fastrtps_cpp/depthai_ros_msgs/msg/detail/dds_fastrtps/auto_focus_ctrl__type_support.cpp.o[0m
[7.735s] [ 35%] [32mBuilding CXX object CMakeFiles/depthai_ros_msgs__rosidl_typesupport_c.dir/rosidl_typesupport_c/depthai_ros_msgs/msg/auto_focus_ctrl__type_support.cpp.o[0m
[7.814s] [ 36%] [32mBuilding CXX object CMakeFiles/depthai_ros_msgs__rosidl_typesupport_c.dir/rosidl_typesupport_c/depthai_ros_msgs/msg/hand_landmark__type_support.cpp.o[0m
[7.896s] [ 37%] [32mBuilding CXX object CMakeFiles/depthai_ros_msgs__rosidl_typesupport_c.dir/rosidl_typesupport_c/depthai_ros_msgs/msg/hand_landmark_array__type_support.cpp.o[0m
[7.977s] [ 37%] [32mBuilding CXX object CMakeFiles/depthai_ros_msgs__rosidl_typesupport_c.dir/rosidl_typesupport_c/depthai_ros_msgs/msg/imu_with_magnetic_field__type_support.cpp.o[0m
[8.057s] [ 38%] [32mBuilding CXX object CMakeFiles/depthai_ros_msgs__rosidl_typesupport_c.dir/rosidl_typesupport_c/depthai_ros_msgs/msg/tracked_feature__type_support.cpp.o[0m
[8.072s] [ 39%] [32mBuilding CXX object CMakeFiles/depthai_ros_msgs__rosidl_typesupport_fastrtps_c.dir/rosidl_typesupport_fastrtps_c/depthai_ros_msgs/msg/detail/auto_focus_ctrl__type_support_c.cpp.o[0m
[8.144s] [ 40%] [32mBuilding CXX object CMakeFiles/depthai_ros_msgs__rosidl_typesupport_c.dir/rosidl_typesupport_c/depthai_ros_msgs/msg/tracked_features__type_support.cpp.o[0m
[8.230s] [ 41%] [32mBuilding CXX object CMakeFiles/depthai_ros_msgs__rosidl_typesupport_c.dir/rosidl_typesupport_c/depthai_ros_msgs/msg/spatial_detection__type_support.cpp.o[0m
[8.277s] [ 42%] [32mBuilding CXX object CMakeFiles/depthai_ros_msgs__rosidl_typesupport_introspection_cpp.dir/rosidl_typesupport_introspection_cpp/depthai_ros_msgs/msg/detail/auto_focus_ctrl__type_support.cpp.o[0m
[8.319s] [ 42%] [32mBuilding CXX object CMakeFiles/depthai_ros_msgs__rosidl_typesupport_c.dir/rosidl_typesupport_c/depthai_ros_msgs/msg/spatial_detection_array__type_support.cpp.o[0m
[8.328s] [ 42%] [32mBuilding C object CMakeFiles/depthai_ros_msgs__rosidl_typesupport_introspection_c.dir/rosidl_typesupport_introspection_c/depthai_ros_msgs/msg/detail/auto_focus_ctrl__type_support.c.o[0m
[8.359s] [ 43%] [32mBuilding CXX object CMakeFiles/depthai_ros_msgs__rosidl_typesupport_c.dir/rosidl_typesupport_c/depthai_ros_msgs/msg/track_detection2_d__type_support.cpp.o[0m
[8.365s] [ 43%] [32mBuilding CXX object CMakeFiles/depthai_ros_msgs__rosidl_typesupport_fastrtps_cpp.dir/rosidl_typesupport_fastrtps_cpp/depthai_ros_msgs/msg/detail/dds_fastrtps/hand_landmark__type_support.cpp.o[0m
[8.376s] [ 43%] [32mBuilding CXX object CMakeFiles/depthai_ros_msgs__rosidl_typesupport_cpp.dir/rosidl_typesupport_cpp/depthai_ros_msgs/msg/imu_with_magnetic_field__type_support.cpp.o[0m
[8.398s] [ 44%] [32mBuilding C object CMakeFiles/depthai_ros_msgs__rosidl_typesupport_introspection_c.dir/rosidl_typesupport_introspection_c/depthai_ros_msgs/msg/detail/hand_landmark__type_support.c.o[0m
[8.408s] [ 45%] [32mBuilding CXX object CMakeFiles/depthai_ros_msgs__rosidl_typesupport_introspection_cpp.dir/rosidl_typesupport_introspection_cpp/depthai_ros_msgs/msg/detail/hand_landmark__type_support.cpp.o[0m
[8.442s] [ 46%] [32mBuilding CXX object CMakeFiles/depthai_ros_msgs__rosidl_typesupport_c.dir/rosidl_typesupport_c/depthai_ros_msgs/msg/track_detection2_d_array__type_support.cpp.o[0m
[8.478s] [ 47%] [32mBuilding C object CMakeFiles/depthai_ros_msgs__rosidl_typesupport_introspection_c.dir/rosidl_typesupport_introspection_c/depthai_ros_msgs/msg/detail/hand_landmark_array__type_support.c.o[0m
[8.522s] [ 47%] [32mBuilding CXX object CMakeFiles/depthai_ros_msgs__rosidl_typesupport_c.dir/rosidl_typesupport_c/depthai_ros_msgs/srv/trigger_named__type_support.cpp.o[0m
[8.554s] [ 47%] [32mBuilding C object CMakeFiles/depthai_ros_msgs__rosidl_typesupport_introspection_c.dir/rosidl_typesupport_introspection_c/depthai_ros_msgs/msg/detail/imu_with_magnetic_field__type_support.c.o[0m
[8.610s] [ 48%] [32mBuilding CXX object CMakeFiles/depthai_ros_msgs__rosidl_typesupport_c.dir/rosidl_typesupport_c/depthai_ros_msgs/srv/normalized_image_crop__type_support.cpp.o[0m
[8.673s] [ 49%] [32mBuilding C object CMakeFiles/depthai_ros_msgs__rosidl_typesupport_introspection_c.dir/rosidl_typesupport_introspection_c/depthai_ros_msgs/msg/detail/tracked_feature__type_support.c.o[0m
[8.730s] [ 50%] [32mBuilding CXX object CMakeFiles/depthai_ros_msgs__rosidl_typesupport_fastrtps_c.dir/rosidl_typesupport_fastrtps_c/depthai_ros_msgs/msg/detail/hand_landmark__type_support_c.cpp.o[0m
[8.755s] [ 51%] [32m[1mLinking CXX shared library libdepthai_ros_msgs__rosidl_typesupport_c.so[0m
[8.763s] [ 52%] [32mBuilding C object CMakeFiles/depthai_ros_msgs__rosidl_typesupport_introspection_c.dir/rosidl_typesupport_introspection_c/depthai_ros_msgs/msg/detail/tracked_features__type_support.c.o[0m
[8.848s] [ 52%] [32mBuilding C object CMakeFiles/depthai_ros_msgs__rosidl_typesupport_introspection_c.dir/rosidl_typesupport_introspection_c/depthai_ros_msgs/msg/detail/spatial_detection__type_support.c.o[0m
[8.866s] [ 52%] Built target depthai_ros_msgs__rosidl_typesupport_c
[8.884s] [ 53%] [32mBuilding CXX object CMakeFiles/depthai_ros_msgs__rosidl_typesupport_cpp.dir/rosidl_typesupport_cpp/depthai_ros_msgs/msg/tracked_feature__type_support.cpp.o[0m
[8.935s] [ 54%] [32mBuilding C object CMakeFiles/depthai_ros_msgs__rosidl_typesupport_introspection_c.dir/rosidl_typesupport_introspection_c/depthai_ros_msgs/msg/detail/spatial_detection_array__type_support.c.o[0m
[9.001s] [ 55%] [32mBuilding CXX object CMakeFiles/depthai_ros_msgs__rosidl_typesupport_fastrtps_cpp.dir/rosidl_typesupport_fastrtps_cpp/depthai_ros_msgs/msg/detail/dds_fastrtps/hand_landmark_array__type_support.cpp.o[0m
[9.020s] [ 56%] [32mBuilding C object CMakeFiles/depthai_ros_msgs__rosidl_typesupport_introspection_c.dir/rosidl_typesupport_introspection_c/depthai_ros_msgs/msg/detail/track_detection2_d__type_support.c.o[0m
[9.025s] [ 56%] [32mBuilding CXX object CMakeFiles/depthai_ros_msgs__rosidl_typesupport_fastrtps_c.dir/rosidl_typesupport_fastrtps_c/depthai_ros_msgs/msg/detail/hand_landmark_array__type_support_c.cpp.o[0m
[9.044s] [ 57%] [32mBuilding CXX object CMakeFiles/depthai_ros_msgs__rosidl_typesupport_fastrtps_cpp.dir/rosidl_typesupport_fastrtps_cpp/depthai_ros_msgs/msg/detail/dds_fastrtps/imu_with_magnetic_field__type_support.cpp.o[0m
[9.111s] [ 58%] [32mBuilding C object CMakeFiles/depthai_ros_msgs__rosidl_typesupport_introspection_c.dir/rosidl_typesupport_introspection_c/depthai_ros_msgs/msg/detail/track_detection2_d_array__type_support.c.o[0m
[9.179s] [ 58%] [32mBuilding CXX object CMakeFiles/depthai_ros_msgs__rosidl_typesupport_introspection_cpp.dir/rosidl_typesupport_introspection_cpp/depthai_ros_msgs/msg/detail/hand_landmark_array__type_support.cpp.o[0m
[9.201s] [ 58%] [32mBuilding C object CMakeFiles/depthai_ros_msgs__rosidl_typesupport_introspection_c.dir/rosidl_typesupport_introspection_c/depthai_ros_msgs/srv/detail/trigger_named__type_support.c.o[0m
[9.304s] [ 59%] [32mBuilding C object CMakeFiles/depthai_ros_msgs__rosidl_typesupport_introspection_c.dir/rosidl_typesupport_introspection_c/depthai_ros_msgs/srv/detail/normalized_image_crop__type_support.c.o[0m
[9.415s] [ 60%] [32m[1mLinking C shared library libdepthai_ros_msgs__rosidl_typesupport_introspection_c.so[0m
[9.442s] [ 61%] [32mBuilding CXX object CMakeFiles/depthai_ros_msgs__rosidl_typesupport_cpp.dir/rosidl_typesupport_cpp/depthai_ros_msgs/msg/tracked_features__type_support.cpp.o[0m
[9.505s] [ 61%] Built target depthai_ros_msgs__rosidl_typesupport_introspection_c
[9.521s] [ 62%] [32mBuilding CXX object CMakeFiles/depthai_ros_msgs__rosidl_typesupport_fastrtps_c.dir/rosidl_typesupport_fastrtps_c/depthai_ros_msgs/msg/detail/imu_with_magnetic_field__type_support_c.cpp.o[0m
[9.559s] [ 63%] [32mBuilding CXX object CMakeFiles/depthai_ros_msgs__rosidl_typesupport_introspection_cpp.dir/rosidl_typesupport_introspection_cpp/depthai_ros_msgs/msg/detail/imu_with_magnetic_field__type_support.cpp.o[0m
[9.830s] [ 63%] [32mBuilding CXX object CMakeFiles/depthai_ros_msgs__rosidl_typesupport_cpp.dir/rosidl_typesupport_cpp/depthai_ros_msgs/msg/spatial_detection__type_support.cpp.o[0m
[10.012s] [ 64%] [32mBuilding CXX object CMakeFiles/depthai_ros_msgs__rosidl_typesupport_fastrtps_c.dir/rosidl_typesupport_fastrtps_c/depthai_ros_msgs/msg/detail/tracked_feature__type_support_c.cpp.o[0m
[10.058s] [ 64%] [32mBuilding CXX object CMakeFiles/depthai_ros_msgs__rosidl_typesupport_fastrtps_cpp.dir/rosidl_typesupport_fastrtps_cpp/depthai_ros_msgs/msg/detail/dds_fastrtps/tracked_feature__type_support.cpp.o[0m
[10.087s] [ 64%] [32mBuilding CXX object CMakeFiles/depthai_ros_msgs__rosidl_typesupport_fastrtps_c.dir/rosidl_typesupport_fastrtps_c/depthai_ros_msgs/msg/detail/tracked_features__type_support_c.cpp.o[0m
[10.129s] [ 65%] [32mBuilding CXX object CMakeFiles/depthai_ros_msgs__rosidl_typesupport_introspection_cpp.dir/rosidl_typesupport_introspection_cpp/depthai_ros_msgs/msg/detail/tracked_feature__type_support.cpp.o[0m
[10.161s] [ 66%] [32mBuilding CXX object CMakeFiles/depthai_ros_msgs__rosidl_typesupport_fastrtps_c.dir/rosidl_typesupport_fastrtps_c/depthai_ros_msgs/msg/detail/spatial_detection__type_support_c.cpp.o[0m
[10.254s] [ 67%] [32mBuilding CXX object CMakeFiles/depthai_ros_msgs__rosidl_typesupport_cpp.dir/rosidl_typesupport_cpp/depthai_ros_msgs/msg/spatial_detection_array__type_support.cpp.o[0m
[10.501s] [ 68%] [32mBuilding CXX object CMakeFiles/depthai_ros_msgs__rosidl_typesupport_fastrtps_cpp.dir/rosidl_typesupport_fastrtps_cpp/depthai_ros_msgs/msg/detail/dds_fastrtps/tracked_features__type_support.cpp.o[0m
[10.514s] [ 68%] [32mBuilding CXX object CMakeFiles/depthai_ros_msgs__rosidl_typesupport_introspection_cpp.dir/rosidl_typesupport_introspection_cpp/depthai_ros_msgs/msg/detail/tracked_features__type_support.cpp.o[0m
[10.755s] [ 69%] [32mBuilding CXX object CMakeFiles/depthai_ros_msgs__rosidl_typesupport_cpp.dir/rosidl_typesupport_cpp/depthai_ros_msgs/msg/track_detection2_d__type_support.cpp.o[0m
[10.946s] [ 70%] [32mBuilding CXX object CMakeFiles/depthai_ros_msgs__rosidl_typesupport_fastrtps_c.dir/rosidl_typesupport_fastrtps_c/depthai_ros_msgs/msg/detail/spatial_detection_array__type_support_c.cpp.o[0m
[11.005s] [ 71%] [32mBuilding CXX object CMakeFiles/depthai_ros_msgs__rosidl_typesupport_fastrtps_cpp.dir/rosidl_typesupport_fastrtps_cpp/depthai_ros_msgs/msg/detail/dds_fastrtps/spatial_detection__type_support.cpp.o[0m
[11.027s] [ 72%] [32mBuilding CXX object CMakeFiles/depthai_ros_msgs__rosidl_typesupport_introspection_cpp.dir/rosidl_typesupport_introspection_cpp/depthai_ros_msgs/msg/detail/spatial_detection__type_support.cpp.o[0m
[11.053s] [ 72%] [32mBuilding CXX object CMakeFiles/depthai_ros_msgs__rosidl_typesupport_cpp.dir/rosidl_typesupport_cpp/depthai_ros_msgs/msg/track_detection2_d_array__type_support.cpp.o[0m
[11.221s] [ 73%] [32mBuilding CXX object CMakeFiles/depthai_ros_msgs__rosidl_typesupport_introspection_cpp.dir/rosidl_typesupport_introspection_cpp/depthai_ros_msgs/msg/detail/spatial_detection_array__type_support.cpp.o[0m
[11.308s] [ 73%] [32mBuilding CXX object CMakeFiles/depthai_ros_msgs__rosidl_typesupport_fastrtps_cpp.dir/rosidl_typesupport_fastrtps_cpp/depthai_ros_msgs/msg/detail/dds_fastrtps/spatial_detection_array__type_support.cpp.o[0m
[11.401s] [ 73%] [32mBuilding CXX object CMakeFiles/depthai_ros_msgs__rosidl_typesupport_fastrtps_c.dir/rosidl_typesupport_fastrtps_c/depthai_ros_msgs/msg/detail/track_detection2_d__type_support_c.cpp.o[0m
[11.543s] [ 74%] [32mBuilding CXX object CMakeFiles/depthai_ros_msgs__rosidl_typesupport_introspection_cpp.dir/rosidl_typesupport_introspection_cpp/depthai_ros_msgs/msg/detail/track_detection2_d__type_support.cpp.o[0m
[11.679s] [ 75%] [32mBuilding CXX object CMakeFiles/depthai_ros_msgs__rosidl_typesupport_cpp.dir/rosidl_typesupport_cpp/depthai_ros_msgs/srv/trigger_named__type_support.cpp.o[0m
[11.795s] [ 76%] [32mBuilding CXX object CMakeFiles/depthai_ros_msgs__rosidl_typesupport_fastrtps_c.dir/rosidl_typesupport_fastrtps_c/depthai_ros_msgs/msg/detail/track_detection2_d_array__type_support_c.cpp.o[0m
[11.963s] [ 77%] [32mBuilding CXX object CMakeFiles/depthai_ros_msgs__rosidl_typesupport_fastrtps_cpp.dir/rosidl_typesupport_fastrtps_cpp/depthai_ros_msgs/msg/detail/dds_fastrtps/track_detection2_d__type_support.cpp.o[0m
[12.112s] [ 78%] [32mBuilding CXX object CMakeFiles/depthai_ros_msgs__rosidl_typesupport_cpp.dir/rosidl_typesupport_cpp/depthai_ros_msgs/srv/normalized_image_crop__type_support.cpp.o[0m
[12.133s] [ 79%] [32mBuilding CXX object CMakeFiles/depthai_ros_msgs__rosidl_typesupport_fastrtps_c.dir/rosidl_typesupport_fastrtps_c/depthai_ros_msgs/srv/detail/trigger_named__type_support_c.cpp.o[0m
[12.340s] [ 79%] [32mBuilding CXX object CMakeFiles/depthai_ros_msgs__rosidl_typesupport_introspection_cpp.dir/rosidl_typesupport_introspection_cpp/depthai_ros_msgs/msg/detail/track_detection2_d_array__type_support.cpp.o[0m
[12.387s] [ 79%] [32mBuilding CXX object CMakeFiles/depthai_ros_msgs__rosidl_typesupport_fastrtps_c.dir/rosidl_typesupport_fastrtps_c/depthai_ros_msgs/srv/detail/normalized_image_crop__type_support_c.cpp.o[0m
[12.413s] [ 80%] [32mBuilding CXX object CMakeFiles/depthai_ros_msgs__rosidl_typesupport_introspection_cpp.dir/rosidl_typesupport_introspection_cpp/depthai_ros_msgs/srv/detail/trigger_named__type_support.cpp.o[0m
[12.540s] [ 81%] [32mBuilding CXX object CMakeFiles/depthai_ros_msgs__rosidl_typesupport_fastrtps_cpp.dir/rosidl_typesupport_fastrtps_cpp/depthai_ros_msgs/msg/detail/dds_fastrtps/track_detection2_d_array__type_support.cpp.o[0m
[12.758s] [ 82%] [32mBuilding CXX object CMakeFiles/depthai_ros_msgs__rosidl_typesupport_introspection_cpp.dir/rosidl_typesupport_introspection_cpp/depthai_ros_msgs/srv/detail/normalized_image_crop__type_support.cpp.o[0m
[12.943s] [ 82%] [32m[1mLinking CXX shared library libdepthai_ros_msgs__rosidl_typesupport_cpp.so[0m
[13.140s] [ 83%] [32mBuilding CXX object CMakeFiles/depthai_ros_msgs__rosidl_typesupport_fastrtps_cpp.dir/rosidl_typesupport_fastrtps_cpp/depthai_ros_msgs/srv/detail/dds_fastrtps/trigger_named__type_support.cpp.o[0m
[13.175s] [ 83%] Built target depthai_ros_msgs__rosidl_typesupport_cpp
[13.197s] [ 83%] [32mBuilding CXX object CMakeFiles/depthai_ros_msgs__rosidl_typesupport_fastrtps_cpp.dir/rosidl_typesupport_fastrtps_cpp/depthai_ros_msgs/srv/detail/dds_fastrtps/normalized_image_crop__type_support.cpp.o[0m
[13.430s] [ 84%] [32m[1mLinking CXX shared library libdepthai_ros_msgs__rosidl_typesupport_fastrtps_c.so[0m
[13.574s] [ 84%] [32m[1mLinking CXX shared library libdepthai_ros_msgs__rosidl_typesupport_introspection_cpp.so[0m
[13.637s] [ 84%] Built target depthai_ros_msgs__rosidl_typesupport_fastrtps_c
[13.746s] [ 84%] Built target depthai_ros_msgs__rosidl_typesupport_introspection_cpp
[14.027s] [ 85%] [32m[1mLinking CXX shared library libdepthai_ros_msgs__rosidl_typesupport_fastrtps_cpp.so[0m
[14.137s] [ 85%] Built target depthai_ros_msgs__rosidl_typesupport_fastrtps_cpp
[14.158s] [ 85%] Built target depthai_ros_msgs
[14.182s] [ 86%] [34m[1mGenerating Python code for ROS interfaces[0m
[15.812s] [ 86%] Built target depthai_ros_msgs__py
[15.836s] [ 89%] [32mBuilding C object CMakeFiles/depthai_ros_msgs__rosidl_generator_py.dir/rosidl_generator_py/depthai_ros_msgs/msg/_hand_landmark_s.c.o[0m
[15.836s] [ 89%] [32mBuilding C object CMakeFiles/depthai_ros_msgs__rosidl_generator_py.dir/rosidl_generator_py/depthai_ros_msgs/msg/_auto_focus_ctrl_s.c.o[0m
[15.836s] [ 89%] [32mBuilding C object CMakeFiles/depthai_ros_msgs__rosidl_generator_py.dir/rosidl_generator_py/depthai_ros_msgs/msg/_hand_landmark_array_s.c.o[0m
[15.836s] [ 89%] [32mBuilding C object CMakeFiles/depthai_ros_msgs__rosidl_generator_py.dir/rosidl_generator_py/depthai_ros_msgs/msg/_tracked_features_s.c.o[0m
[15.836s] [ 91%] [32mBuilding C object CMakeFiles/depthai_ros_msgs__rosidl_generator_py.dir/rosidl_generator_py/depthai_ros_msgs/msg/_spatial_detection_array_s.c.o[0m
[15.837s] [ 90%] [32mBuilding C object CMakeFiles/depthai_ros_msgs__rosidl_generator_py.dir/rosidl_generator_py/depthai_ros_msgs/msg/_imu_with_magnetic_field_s.c.o[0m
[15.837s] [ 89%] [32mBuilding C object CMakeFiles/depthai_ros_msgs__rosidl_generator_py.dir/rosidl_generator_py/depthai_ros_msgs/msg/_tracked_feature_s.c.o[0m
[15.837s] [ 92%] [32mBuilding C object CMakeFiles/depthai_ros_msgs__rosidl_generator_py.dir/rosidl_generator_py/depthai_ros_msgs/msg/_spatial_detection_s.c.o[0m
[16.103s] [ 93%] [32mBuilding C object CMakeFiles/depthai_ros_msgs__rosidl_generator_py.dir/rosidl_generator_py/depthai_ros_msgs/msg/_track_detection2_d_s.c.o[0m
[16.104s] [ 94%] [32mBuilding C object CMakeFiles/depthai_ros_msgs__rosidl_generator_py.dir/rosidl_generator_py/depthai_ros_msgs/srv/_normalized_image_crop_s.c.o[0m
[16.104s] [ 94%] [32mBuilding C object CMakeFiles/depthai_ros_msgs__rosidl_generator_py.dir/rosidl_generator_py/depthai_ros_msgs/msg/_track_detection2_d_array_s.c.o[0m
[16.104s] [ 95%] [32mBuilding C object CMakeFiles/depthai_ros_msgs__rosidl_generator_py.dir/rosidl_generator_py/depthai_ros_msgs/srv/_trigger_named_s.c.o[0m
[16.285s] [ 95%] [32m[1mLinking C shared library libdepthai_ros_msgs__rosidl_generator_py.so[0m
[16.339s] [ 95%] Built target depthai_ros_msgs__rosidl_generator_py
[16.358s] [ 97%] [32mBuilding C object CMakeFiles/depthai_ros_msgs_s__rosidl_typesupport_introspection_c.dir/rosidl_generator_py/depthai_ros_msgs/_depthai_ros_msgs_s.ep.rosidl_typesupport_introspection_c.c.o[0m
[16.358s] [ 97%] [32mBuilding C object CMakeFiles/depthai_ros_msgs_s__rosidl_typesupport_c.dir/rosidl_generator_py/depthai_ros_msgs/_depthai_ros_msgs_s.ep.rosidl_typesupport_c.c.o[0m
[16.358s] [ 97%] [32mBuilding C object CMakeFiles/depthai_ros_msgs_s__rosidl_typesupport_fastrtps_c.dir/rosidl_generator_py/depthai_ros_msgs/_depthai_ros_msgs_s.ep.rosidl_typesupport_fastrtps_c.c.o[0m
[16.520s] [ 98%] [32m[1mLinking C shared module rosidl_generator_py/depthai_ros_msgs/depthai_ros_msgs_s__rosidl_typesupport_c.so[0m
[16.544s] [ 99%] [32m[1mLinking C shared module rosidl_generator_py/depthai_ros_msgs/depthai_ros_msgs_s__rosidl_typesupport_introspection_c.so[0m
[16.548s] [100%] [32m[1mLinking C shared module rosidl_generator_py/depthai_ros_msgs/depthai_ros_msgs_s__rosidl_typesupport_fastrtps_c.so[0m
[16.552s] [100%] Built target depthai_ros_msgs_s__rosidl_typesupport_c
[16.577s] [100%] Built target depthai_ros_msgs_s__rosidl_typesupport_introspection_c
[16.584s] [100%] Built target depthai_ros_msgs_s__rosidl_typesupport_fastrtps_c
[16.596s] Invoked command in '/home/michele-zarantonello/BFMC/BRAIN_driveops/luxonis_ws/src/traffic_sign/depthai-ros/build/depthai_ros_msgs' returned '0': CMAKE_PREFIX_PATH=${CMAKE_PREFIX_PATH}:/opt/ros/jazzy DEBUGINFOD_URLS=https://debuginfod.ubuntu.com /usr/bin/cmake --build /home/michele-zarantonello/BFMC/BRAIN_driveops/luxonis_ws/src/traffic_sign/depthai-ros/build/depthai_ros_msgs -- -j8 -l8
[16.598s] Invoking command in '/home/michele-zarantonello/BFMC/BRAIN_driveops/luxonis_ws/src/traffic_sign/depthai-ros/build/depthai_ros_msgs': CMAKE_PREFIX_PATH=${CMAKE_PREFIX_PATH}:/opt/ros/jazzy DEBUGINFOD_URLS=https://debuginfod.ubuntu.com /usr/bin/cmake --install /home/michele-zarantonello/BFMC/BRAIN_driveops/luxonis_ws/src/traffic_sign/depthai-ros/build/depthai_ros_msgs
[16.606s] -- Install configuration: ""
[16.607s] -- Execute custom install script
[16.607s] -- Symlinking: /home/michele-zarantonello/BFMC/BRAIN_driveops/luxonis_ws/src/traffic_sign/depthai-ros/install/depthai_ros_msgs/share/ament_index/resource_index/rosidl_interfaces/depthai_ros_msgs
[16.616s] -- Symlinking: /home/michele-zarantonello/BFMC/BRAIN_driveops/luxonis_ws/src/traffic_sign/depthai-ros/install/depthai_ros_msgs/share/depthai_ros_msgs/msg/AutoFocusCtrl.json
[16.624s] -- Symlinking: /home/michele-zarantonello/BFMC/BRAIN_driveops/luxonis_ws/src/traffic_sign/depthai-ros/install/depthai_ros_msgs/share/depthai_ros_msgs/msg/HandLandmark.json
[16.632s] -- Symlinking: /home/michele-zarantonello/BFMC/BRAIN_driveops/luxonis_ws/src/traffic_sign/depthai-ros/install/depthai_ros_msgs/share/depthai_ros_msgs/msg/HandLandmarkArray.json
[16.640s] -- Symlinking: /home/michele-zarantonello/BFMC/BRAIN_driveops/luxonis_ws/src/traffic_sign/depthai-ros/install/depthai_ros_msgs/share/depthai_ros_msgs/msg/ImuWithMagneticField.json
[16.648s] -- Symlinking: /home/michele-zarantonello/BFMC/BRAIN_driveops/luxonis_ws/src/traffic_sign/depthai-ros/install/depthai_ros_msgs/share/depthai_ros_msgs/msg/TrackedFeature.json
[16.656s] -- Symlinking: /home/michele-zarantonello/BFMC/BRAIN_driveops/luxonis_ws/src/traffic_sign/depthai-ros/install/depthai_ros_msgs/share/depthai_ros_msgs/msg/TrackedFeatures.json
[16.666s] -- Symlinking: /home/michele-zarantonello/BFMC/BRAIN_driveops/luxonis_ws/src/traffic_sign/depthai-ros/install/depthai_ros_msgs/share/depthai_ros_msgs/msg/SpatialDetection.json
[16.674s] -- Symlinking: /home/michele-zarantonello/BFMC/BRAIN_driveops/luxonis_ws/src/traffic_sign/depthai-ros/install/depthai_ros_msgs/share/depthai_ros_msgs/msg/SpatialDetectionArray.json
[16.685s] -- Symlinking: /home/michele-zarantonello/BFMC/BRAIN_driveops/luxonis_ws/src/traffic_sign/depthai-ros/install/depthai_ros_msgs/share/depthai_ros_msgs/msg/TrackDetection2D.json
[16.693s] -- Symlinking: /home/michele-zarantonello/BFMC/BRAIN_driveops/luxonis_ws/src/traffic_sign/depthai-ros/install/depthai_ros_msgs/share/depthai_ros_msgs/msg/TrackDetection2DArray.json
[16.702s] -- Symlinking: /home/michele-zarantonello/BFMC/BRAIN_driveops/luxonis_ws/src/traffic_sign/depthai-ros/install/depthai_ros_msgs/share/depthai_ros_msgs/srv/TriggerNamed.json
[16.710s] -- Symlinking: /home/michele-zarantonello/BFMC/BRAIN_driveops/luxonis_ws/src/traffic_sign/depthai-ros/install/depthai_ros_msgs/share/depthai_ros_msgs/srv/NormalizedImageCrop.json
[16.719s] -- Symlinking: /home/michele-zarantonello/BFMC/BRAIN_driveops/luxonis_ws/src/traffic_sign/depthai-ros/install/depthai_ros_msgs/include/depthai_ros_msgs/depthai_ros_msgs/msg/auto_focus_ctrl.h
[16.727s] -- Symlinking: /home/michele-zarantonello/BFMC/BRAIN_driveops/luxonis_ws/src/traffic_sign/depthai-ros/install/depthai_ros_msgs/include/depthai_ros_msgs/depthai_ros_msgs/msg/detail/auto_focus_ctrl__functions.h
[16.735s] -- Symlinking: /home/michele-zarantonello/BFMC/BRAIN_driveops/luxonis_ws/src/traffic_sign/depthai-ros/install/depthai_ros_msgs/include/depthai_ros_msgs/depthai_ros_msgs/msg/detail/auto_focus_ctrl__struct.h
[16.743s] -- Symlinking: /home/michele-zarantonello/BFMC/BRAIN_driveops/luxonis_ws/src/traffic_sign/depthai-ros/install/depthai_ros_msgs/include/depthai_ros_msgs/depthai_ros_msgs/msg/detail/auto_focus_ctrl__type_support.h
[16.751s] -- Symlinking: /home/michele-zarantonello/BFMC/BRAIN_driveops/luxonis_ws/src/traffic_sign/depthai-ros/install/depthai_ros_msgs/include/depthai_ros_msgs/depthai_ros_msgs/msg/detail/hand_landmark__functions.h
[16.759s] -- Symlinking: /home/michele-zarantonello/BFMC/BRAIN_driveops/luxonis_ws/src/traffic_sign/depthai-ros/install/depthai_ros_msgs/include/depthai_ros_msgs/depthai_ros_msgs/msg/detail/hand_landmark__struct.h
[16.768s] -- Symlinking: /home/michele-zarantonello/BFMC/BRAIN_driveops/luxonis_ws/src/traffic_sign/depthai-ros/install/depthai_ros_msgs/include/depthai_ros_msgs/depthai_ros_msgs/msg/detail/hand_landmark__type_support.h
[16.776s] -- Symlinking: /home/michele-zarantonello/BFMC/BRAIN_driveops/luxonis_ws/src/traffic_sign/depthai-ros/install/depthai_ros_msgs/include/depthai_ros_msgs/depthai_ros_msgs/msg/detail/hand_landmark_array__functions.h
[16.786s] -- Symlinking: /home/michele-zarantonello/BFMC/BRAIN_driveops/luxonis_ws/src/traffic_sign/depthai-ros/install/depthai_ros_msgs/include/depthai_ros_msgs/depthai_ros_msgs/msg/detail/hand_landmark_array__struct.h
[16.794s] -- Symlinking: /home/michele-zarantonello/BFMC/BRAIN_driveops/luxonis_ws/src/traffic_sign/depthai-ros/install/depthai_ros_msgs/include/depthai_ros_msgs/depthai_ros_msgs/msg/detail/hand_landmark_array__type_support.h
[16.803s] -- Symlinking: /home/michele-zarantonello/BFMC/BRAIN_driveops/luxonis_ws/src/traffic_sign/depthai-ros/install/depthai_ros_msgs/include/depthai_ros_msgs/depthai_ros_msgs/msg/detail/imu_with_magnetic_field__functions.h
[16.811s] -- Symlinking: /home/michele-zarantonello/BFMC/BRAIN_driveops/luxonis_ws/src/traffic_sign/depthai-ros/install/depthai_ros_msgs/include/depthai_ros_msgs/depthai_ros_msgs/msg/detail/imu_with_magnetic_field__struct.h
[16.819s] -- Symlinking: /home/michele-zarantonello/BFMC/BRAIN_driveops/luxonis_ws/src/traffic_sign/depthai-ros/install/depthai_ros_msgs/include/depthai_ros_msgs/depthai_ros_msgs/msg/detail/imu_with_magnetic_field__type_support.h
[16.827s] -- Symlinking: /home/michele-zarantonello/BFMC/BRAIN_driveops/luxonis_ws/src/traffic_sign/depthai-ros/install/depthai_ros_msgs/include/depthai_ros_msgs/depthai_ros_msgs/msg/detail/spatial_detection__functions.h
[16.835s] -- Symlinking: /home/michele-zarantonello/BFMC/BRAIN_driveops/luxonis_ws/src/traffic_sign/depthai-ros/install/depthai_ros_msgs/include/depthai_ros_msgs/depthai_ros_msgs/msg/detail/spatial_detection__struct.h
[16.842s] -- Symlinking: /home/michele-zarantonello/BFMC/BRAIN_driveops/luxonis_ws/src/traffic_sign/depthai-ros/install/depthai_ros_msgs/include/depthai_ros_msgs/depthai_ros_msgs/msg/detail/spatial_detection__type_support.h
[16.850s] -- Symlinking: /home/michele-zarantonello/BFMC/BRAIN_driveops/luxonis_ws/src/traffic_sign/depthai-ros/install/depthai_ros_msgs/include/depthai_ros_msgs/depthai_ros_msgs/msg/detail/spatial_detection_array__functions.h
[16.858s] -- Symlinking: /home/michele-zarantonello/BFMC/BRAIN_driveops/luxonis_ws/src/traffic_sign/depthai-ros/install/depthai_ros_msgs/include/depthai_ros_msgs/depthai_ros_msgs/msg/detail/spatial_detection_array__struct.h
[16.868s] -- Symlinking: /home/michele-zarantonello/BFMC/BRAIN_driveops/luxonis_ws/src/traffic_sign/depthai-ros/install/depthai_ros_msgs/include/depthai_ros_msgs/depthai_ros_msgs/msg/detail/spatial_detection_array__type_support.h
[16.876s] -- Symlinking: /home/michele-zarantonello/BFMC/BRAIN_driveops/luxonis_ws/src/traffic_sign/depthai-ros/install/depthai_ros_msgs/include/depthai_ros_msgs/depthai_ros_msgs/msg/detail/track_detection2_d__functions.h
[16.886s] -- Symlinking: /home/michele-zarantonello/BFMC/BRAIN_driveops/luxonis_ws/src/traffic_sign/depthai-ros/install/depthai_ros_msgs/include/depthai_ros_msgs/depthai_ros_msgs/msg/detail/track_detection2_d__struct.h
[16.894s] -- Symlinking: /home/michele-zarantonello/BFMC/BRAIN_driveops/luxonis_ws/src/traffic_sign/depthai-ros/install/depthai_ros_msgs/include/depthai_ros_msgs/depthai_ros_msgs/msg/detail/track_detection2_d__type_support.h
[16.903s] -- Symlinking: /home/michele-zarantonello/BFMC/BRAIN_driveops/luxonis_ws/src/traffic_sign/depthai-ros/install/depthai_ros_msgs/include/depthai_ros_msgs/depthai_ros_msgs/msg/detail/track_detection2_d_array__functions.h
[16.911s] -- Symlinking: /home/michele-zarantonello/BFMC/BRAIN_driveops/luxonis_ws/src/traffic_sign/depthai-ros/install/depthai_ros_msgs/include/depthai_ros_msgs/depthai_ros_msgs/msg/detail/track_detection2_d_array__struct.h
[16.919s] -- Symlinking: /home/michele-zarantonello/BFMC/BRAIN_driveops/luxonis_ws/src/traffic_sign/depthai-ros/install/depthai_ros_msgs/include/depthai_ros_msgs/depthai_ros_msgs/msg/detail/track_detection2_d_array__type_support.h
[16.927s] -- Symlinking: /home/michele-zarantonello/BFMC/BRAIN_driveops/luxonis_ws/src/traffic_sign/depthai-ros/install/depthai_ros_msgs/include/depthai_ros_msgs/depthai_ros_msgs/msg/detail/tracked_feature__functions.h
[16.935s] -- Symlinking: /home/michele-zarantonello/BFMC/BRAIN_driveops/luxonis_ws/src/traffic_sign/depthai-ros/install/depthai_ros_msgs/include/depthai_ros_msgs/depthai_ros_msgs/msg/detail/tracked_feature__struct.h
[16.943s] -- Symlinking: /home/michele-zarantonello/BFMC/BRAIN_driveops/luxonis_ws/src/traffic_sign/depthai-ros/install/depthai_ros_msgs/include/depthai_ros_msgs/depthai_ros_msgs/msg/detail/tracked_feature__type_support.h
[16.950s] -- Symlinking: /home/michele-zarantonello/BFMC/BRAIN_driveops/luxonis_ws/src/traffic_sign/depthai-ros/install/depthai_ros_msgs/include/depthai_ros_msgs/depthai_ros_msgs/msg/detail/tracked_features__functions.h
[16.959s] -- Symlinking: /home/michele-zarantonello/BFMC/BRAIN_driveops/luxonis_ws/src/traffic_sign/depthai-ros/install/depthai_ros_msgs/include/depthai_ros_msgs/depthai_ros_msgs/msg/detail/tracked_features__struct.h
[16.968s] -- Symlinking: /home/michele-zarantonello/BFMC/BRAIN_driveops/luxonis_ws/src/traffic_sign/depthai-ros/install/depthai_ros_msgs/include/depthai_ros_msgs/depthai_ros_msgs/msg/detail/tracked_features__type_support.h
[16.976s] -- Symlinking: /home/michele-zarantonello/BFMC/BRAIN_driveops/luxonis_ws/src/traffic_sign/depthai-ros/install/depthai_ros_msgs/include/depthai_ros_msgs/depthai_ros_msgs/msg/hand_landmark.h
[16.986s] -- Symlinking: /home/michele-zarantonello/BFMC/BRAIN_driveops/luxonis_ws/src/traffic_sign/depthai-ros/install/depthai_ros_msgs/include/depthai_ros_msgs/depthai_ros_msgs/msg/hand_landmark_array.h
[16.995s] -- Symlinking: /home/michele-zarantonello/BFMC/BRAIN_driveops/luxonis_ws/src/traffic_sign/depthai-ros/install/depthai_ros_msgs/include/depthai_ros_msgs/depthai_ros_msgs/msg/imu_with_magnetic_field.h
[17.004s] -- Symlinking: /home/michele-zarantonello/BFMC/BRAIN_driveops/luxonis_ws/src/traffic_sign/depthai-ros/install/depthai_ros_msgs/include/depthai_ros_msgs/depthai_ros_msgs/msg/rosidl_generator_c__visibility_control.h
[17.012s] -- Symlinking: /home/michele-zarantonello/BFMC/BRAIN_driveops/luxonis_ws/src/traffic_sign/depthai-ros/install/depthai_ros_msgs/include/depthai_ros_msgs/depthai_ros_msgs/msg/spatial_detection.h
[17.020s] -- Symlinking: /home/michele-zarantonello/BFMC/BRAIN_driveops/luxonis_ws/src/traffic_sign/depthai-ros/install/depthai_ros_msgs/include/depthai_ros_msgs/depthai_ros_msgs/msg/spatial_detection_array.h
[17.028s] -- Symlinking: /home/michele-zarantonello/BFMC/BRAIN_driveops/luxonis_ws/src/traffic_sign/depthai-ros/install/depthai_ros_msgs/include/depthai_ros_msgs/depthai_ros_msgs/msg/track_detection2_d.h
[17.036s] -- Symlinking: /home/michele-zarantonello/BFMC/BRAIN_driveops/luxonis_ws/src/traffic_sign/depthai-ros/install/depthai_ros_msgs/include/depthai_ros_msgs/depthai_ros_msgs/msg/track_detection2_d_array.h
[17.044s] -- Symlinking: /home/michele-zarantonello/BFMC/BRAIN_driveops/luxonis_ws/src/traffic_sign/depthai-ros/install/depthai_ros_msgs/include/depthai_ros_msgs/depthai_ros_msgs/msg/tracked_feature.h
[17.052s] -- Symlinking: /home/michele-zarantonello/BFMC/BRAIN_driveops/luxonis_ws/src/traffic_sign/depthai-ros/install/depthai_ros_msgs/include/depthai_ros_msgs/depthai_ros_msgs/msg/tracked_features.h
[17.059s] -- Symlinking: /home/michele-zarantonello/BFMC/BRAIN_driveops/luxonis_ws/src/traffic_sign/depthai-ros/install/depthai_ros_msgs/include/depthai_ros_msgs/depthai_ros_msgs/srv/detail/normalized_image_crop__functions.h
[17.070s] -- Symlinking: /home/michele-zarantonello/BFMC/BRAIN_driveops/luxonis_ws/src/traffic_sign/depthai-ros/install/depthai_ros_msgs/include/depthai_ros_msgs/depthai_ros_msgs/srv/detail/normalized_image_crop__struct.h
[17.078s] -- Symlinking: /home/michele-zarantonello/BFMC/BRAIN_driveops/luxonis_ws/src/traffic_sign/depthai-ros/install/depthai_ros_msgs/include/depthai_ros_msgs/depthai_ros_msgs/srv/detail/normalized_image_crop__type_support.h
[17.088s] -- Symlinking: /home/michele-zarantonello/BFMC/BRAIN_driveops/luxonis_ws/src/traffic_sign/depthai-ros/install/depthai_ros_msgs/include/depthai_ros_msgs/depthai_ros_msgs/srv/detail/trigger_named__functions.h
[17.097s] -- Symlinking: /home/michele-zarantonello/BFMC/BRAIN_driveops/luxonis_ws/src/traffic_sign/depthai-ros/install/depthai_ros_msgs/include/depthai_ros_msgs/depthai_ros_msgs/srv/detail/trigger_named__struct.h
[17.106s] -- Symlinking: /home/michele-zarantonello/BFMC/BRAIN_driveops/luxonis_ws/src/traffic_sign/depthai-ros/install/depthai_ros_msgs/include/depthai_ros_msgs/depthai_ros_msgs/srv/detail/trigger_named__type_support.h
[17.115s] -- Symlinking: /home/michele-zarantonello/BFMC/BRAIN_driveops/luxonis_ws/src/traffic_sign/depthai-ros/install/depthai_ros_msgs/include/depthai_ros_msgs/depthai_ros_msgs/srv/normalized_image_crop.h
[17.123s] -- Symlinking: /home/michele-zarantonello/BFMC/BRAIN_driveops/luxonis_ws/src/traffic_sign/depthai-ros/install/depthai_ros_msgs/include/depthai_ros_msgs/depthai_ros_msgs/srv/trigger_named.h
[17.131s] -- Symlinking: /home/michele-zarantonello/BFMC/BRAIN_driveops/luxonis_ws/src/traffic_sign/depthai-ros/install/depthai_ros_msgs/share/depthai_ros_msgs/environment/library_path.sh
[17.139s] -- Symlinking: /home/michele-zarantonello/BFMC/BRAIN_driveops/luxonis_ws/src/traffic_sign/depthai-ros/install/depthai_ros_msgs/share/depthai_ros_msgs/environment/library_path.dsv
[17.148s] -- Symlinking: /home/michele-zarantonello/BFMC/BRAIN_driveops/luxonis_ws/src/traffic_sign/depthai-ros/install/depthai_ros_msgs/include/depthai_ros_msgs/depthai_ros_msgs/msg/detail/auto_focus_ctrl__rosidl_typesupport_fastrtps_c.h
[17.156s] -- Symlinking: /home/michele-zarantonello/BFMC/BRAIN_driveops/luxonis_ws/src/traffic_sign/depthai-ros/install/depthai_ros_msgs/include/depthai_ros_msgs/depthai_ros_msgs/msg/detail/hand_landmark__rosidl_typesupport_fastrtps_c.h
[17.165s] -- Symlinking: /home/michele-zarantonello/BFMC/BRAIN_driveops/luxonis_ws/src/traffic_sign/depthai-ros/install/depthai_ros_msgs/include/depthai_ros_msgs/depthai_ros_msgs/msg/detail/hand_landmark_array__rosidl_typesupport_fastrtps_c.h
[17.174s] -- Symlinking: /home/michele-zarantonello/BFMC/BRAIN_driveops/luxonis_ws/src/traffic_sign/depthai-ros/install/depthai_ros_msgs/include/depthai_ros_msgs/depthai_ros_msgs/msg/detail/imu_with_magnetic_field__rosidl_typesupport_fastrtps_c.h
[17.185s] -- Symlinking: /home/michele-zarantonello/BFMC/BRAIN_driveops/luxonis_ws/src/traffic_sign/depthai-ros/install/depthai_ros_msgs/include/depthai_ros_msgs/depthai_ros_msgs/msg/detail/spatial_detection__rosidl_typesupport_fastrtps_c.h
[17.193s] -- Symlinking: /home/michele-zarantonello/BFMC/BRAIN_driveops/luxonis_ws/src/traffic_sign/depthai-ros/install/depthai_ros_msgs/include/depthai_ros_msgs/depthai_ros_msgs/msg/detail/spatial_detection_array__rosidl_typesupport_fastrtps_c.h
[17.202s] -- Symlinking: /home/michele-zarantonello/BFMC/BRAIN_driveops/luxonis_ws/src/traffic_sign/depthai-ros/install/depthai_ros_msgs/include/depthai_ros_msgs/depthai_ros_msgs/msg/detail/track_detection2_d__rosidl_typesupport_fastrtps_c.h
[17.210s] -- Symlinking: /home/michele-zarantonello/BFMC/BRAIN_driveops/luxonis_ws/src/traffic_sign/depthai-ros/install/depthai_ros_msgs/include/depthai_ros_msgs/depthai_ros_msgs/msg/detail/track_detection2_d_array__rosidl_typesupport_fastrtps_c.h
[17.218s] -- Symlinking: /home/michele-zarantonello/BFMC/BRAIN_driveops/luxonis_ws/src/traffic_sign/depthai-ros/install/depthai_ros_msgs/include/depthai_ros_msgs/depthai_ros_msgs/msg/detail/tracked_feature__rosidl_typesupport_fastrtps_c.h
[17.226s] -- Symlinking: /home/michele-zarantonello/BFMC/BRAIN_driveops/luxonis_ws/src/traffic_sign/depthai-ros/install/depthai_ros_msgs/include/depthai_ros_msgs/depthai_ros_msgs/msg/detail/tracked_features__rosidl_typesupport_fastrtps_c.h
[17.234s] -- Symlinking: /home/michele-zarantonello/BFMC/BRAIN_driveops/luxonis_ws/src/traffic_sign/depthai-ros/install/depthai_ros_msgs/include/depthai_ros_msgs/depthai_ros_msgs/msg/rosidl_typesupport_fastrtps_c__visibility_control.h
[17.242s] -- Symlinking: /home/michele-zarantonello/BFMC/BRAIN_driveops/luxonis_ws/src/traffic_sign/depthai-ros/install/depthai_ros_msgs/include/depthai_ros_msgs/depthai_ros_msgs/srv/detail/normalized_image_crop__rosidl_typesupport_fastrtps_c.h
[17.250s] -- Symlinking: /home/michele-zarantonello/BFMC/BRAIN_driveops/luxonis_ws/src/traffic_sign/depthai-ros/install/depthai_ros_msgs/include/depthai_ros_msgs/depthai_ros_msgs/srv/detail/trigger_named__rosidl_typesupport_fastrtps_c.h
[17.259s] -- Symlinking: /home/michele-zarantonello/BFMC/BRAIN_driveops/luxonis_ws/src/traffic_sign/depthai-ros/install/depthai_ros_msgs/include/depthai_ros_msgs/depthai_ros_msgs/msg/auto_focus_ctrl.hpp
[17.269s] -- Symlinking: /home/michele-zarantonello/BFMC/BRAIN_driveops/luxonis_ws/src/traffic_sign/depthai-ros/install/depthai_ros_msgs/include/depthai_ros_msgs/depthai_ros_msgs/msg/detail/auto_focus_ctrl__builder.hpp
[17.277s] -- Symlinking: /home/michele-zarantonello/BFMC/BRAIN_driveops/luxonis_ws/src/traffic_sign/depthai-ros/install/depthai_ros_msgs/include/depthai_ros_msgs/depthai_ros_msgs/msg/detail/auto_focus_ctrl__struct.hpp
[17.287s] -- Symlinking: /home/michele-zarantonello/BFMC/BRAIN_driveops/luxonis_ws/src/traffic_sign/depthai-ros/install/depthai_ros_msgs/include/depthai_ros_msgs/depthai_ros_msgs/msg/detail/auto_focus_ctrl__traits.hpp
[17.296s] -- Symlinking: /home/michele-zarantonello/BFMC/BRAIN_driveops/luxonis_ws/src/traffic_sign/depthai-ros/install/depthai_ros_msgs/include/depthai_ros_msgs/depthai_ros_msgs/msg/detail/auto_focus_ctrl__type_support.hpp
[17.305s] -- Symlinking: /home/michele-zarantonello/BFMC/BRAIN_driveops/luxonis_ws/src/traffic_sign/depthai-ros/install/depthai_ros_msgs/include/depthai_ros_msgs/depthai_ros_msgs/msg/detail/hand_landmark__builder.hpp
[17.313s] -- Symlinking: /home/michele-zarantonello/BFMC/BRAIN_driveops/luxonis_ws/src/traffic_sign/depthai-ros/install/depthai_ros_msgs/include/depthai_ros_msgs/depthai_ros_msgs/msg/detail/hand_landmark__struct.hpp
[17.321s] -- Symlinking: /home/michele-zarantonello/BFMC/BRAIN_driveops/luxonis_ws/src/traffic_sign/depthai-ros/install/depthai_ros_msgs/include/depthai_ros_msgs/depthai_ros_msgs/msg/detail/hand_landmark__traits.hpp
[17.329s] -- Symlinking: /home/michele-zarantonello/BFMC/BRAIN_driveops/luxonis_ws/src/traffic_sign/depthai-ros/install/depthai_ros_msgs/include/depthai_ros_msgs/depthai_ros_msgs/msg/detail/hand_landmark__type_support.hpp
[17.337s] -- Symlinking: /home/michele-zarantonello/BFMC/BRAIN_driveops/luxonis_ws/src/traffic_sign/depthai-ros/install/depthai_ros_msgs/include/depthai_ros_msgs/depthai_ros_msgs/msg/detail/hand_landmark_array__builder.hpp
[17.345s] -- Symlinking: /home/michele-zarantonello/BFMC/BRAIN_driveops/luxonis_ws/src/traffic_sign/depthai-ros/install/depthai_ros_msgs/include/depthai_ros_msgs/depthai_ros_msgs/msg/detail/hand_landmark_array__struct.hpp
[17.353s] -- Symlinking: /home/michele-zarantonello/BFMC/BRAIN_driveops/luxonis_ws/src/traffic_sign/depthai-ros/install/depthai_ros_msgs/include/depthai_ros_msgs/depthai_ros_msgs/msg/detail/hand_landmark_array__traits.hpp
[17.361s] -- Symlinking: /home/michele-zarantonello/BFMC/BRAIN_driveops/luxonis_ws/src/traffic_sign/depthai-ros/install/depthai_ros_msgs/include/depthai_ros_msgs/depthai_ros_msgs/msg/detail/hand_landmark_array__type_support.hpp
[17.371s] -- Symlinking: /home/michele-zarantonello/BFMC/BRAIN_driveops/luxonis_ws/src/traffic_sign/depthai-ros/install/depthai_ros_msgs/include/depthai_ros_msgs/depthai_ros_msgs/msg/detail/imu_with_magnetic_field__builder.hpp
[17.382s] -- Symlinking: /home/michele-zarantonello/BFMC/BRAIN_driveops/luxonis_ws/src/traffic_sign/depthai-ros/install/depthai_ros_msgs/include/depthai_ros_msgs/depthai_ros_msgs/msg/detail/imu_with_magnetic_field__struct.hpp
[17.390s] -- Symlinking: /home/michele-zarantonello/BFMC/BRAIN_driveops/luxonis_ws/src/traffic_sign/depthai-ros/install/depthai_ros_msgs/include/depthai_ros_msgs/depthai_ros_msgs/msg/detail/imu_with_magnetic_field__traits.hpp
[17.400s] -- Symlinking: /home/michele-zarantonello/BFMC/BRAIN_driveops/luxonis_ws/src/traffic_sign/depthai-ros/install/depthai_ros_msgs/include/depthai_ros_msgs/depthai_ros_msgs/msg/detail/imu_with_magnetic_field__type_support.hpp
[17.408s] -- Symlinking: /home/michele-zarantonello/BFMC/BRAIN_driveops/luxonis_ws/src/traffic_sign/depthai-ros/install/depthai_ros_msgs/include/depthai_ros_msgs/depthai_ros_msgs/msg/detail/spatial_detection__builder.hpp
[17.417s] -- Symlinking: /home/michele-zarantonello/BFMC/BRAIN_driveops/luxonis_ws/src/traffic_sign/depthai-ros/install/depthai_ros_msgs/include/depthai_ros_msgs/depthai_ros_msgs/msg/detail/spatial_detection__struct.hpp
[17.425s] -- Symlinking: /home/michele-zarantonello/BFMC/BRAIN_driveops/luxonis_ws/src/traffic_sign/depthai-ros/install/depthai_ros_msgs/include/depthai_ros_msgs/depthai_ros_msgs/msg/detail/spatial_detection__traits.hpp
[17.433s] -- Symlinking: /home/michele-zarantonello/BFMC/BRAIN_driveops/luxonis_ws/src/traffic_sign/depthai-ros/install/depthai_ros_msgs/include/depthai_ros_msgs/depthai_ros_msgs/msg/detail/spatial_detection__type_support.hpp
[17.441s] -- Symlinking: /home/michele-zarantonello/BFMC/BRAIN_driveops/luxonis_ws/src/traffic_sign/depthai-ros/install/depthai_ros_msgs/include/depthai_ros_msgs/depthai_ros_msgs/msg/detail/spatial_detection_array__builder.hpp
[17.449s] -- Symlinking: /home/michele-zarantonello/BFMC/BRAIN_driveops/luxonis_ws/src/traffic_sign/depthai-ros/install/depthai_ros_msgs/include/depthai_ros_msgs/depthai_ros_msgs/msg/detail/spatial_detection_array__struct.hpp
[17.456s] -- Symlinking: /home/michele-zarantonello/BFMC/BRAIN_driveops/luxonis_ws/src/traffic_sign/depthai-ros/install/depthai_ros_msgs/include/depthai_ros_msgs/depthai_ros_msgs/msg/detail/spatial_detection_array__traits.hpp
[17.465s] -- Symlinking: /home/michele-zarantonello/BFMC/BRAIN_driveops/luxonis_ws/src/traffic_sign/depthai-ros/install/depthai_ros_msgs/include/depthai_ros_msgs/depthai_ros_msgs/msg/detail/spatial_detection_array__type_support.hpp
[17.474s] -- Symlinking: /home/michele-zarantonello/BFMC/BRAIN_driveops/luxonis_ws/src/traffic_sign/depthai-ros/install/depthai_ros_msgs/include/depthai_ros_msgs/depthai_ros_msgs/msg/detail/track_detection2_d__builder.hpp
[17.484s] -- Symlinking: /home/michele-zarantonello/BFMC/BRAIN_driveops/luxonis_ws/src/traffic_sign/depthai-ros/install/depthai_ros_msgs/include/depthai_ros_msgs/depthai_ros_msgs/msg/detail/track_detection2_d__struct.hpp
[17.492s] -- Symlinking: /home/michele-zarantonello/BFMC/BRAIN_driveops/luxonis_ws/src/traffic_sign/depthai-ros/install/depthai_ros_msgs/include/depthai_ros_msgs/depthai_ros_msgs/msg/detail/track_detection2_d__traits.hpp
[17.502s] -- Symlinking: /home/michele-zarantonello/BFMC/BRAIN_driveops/luxonis_ws/src/traffic_sign/depthai-ros/install/depthai_ros_msgs/include/depthai_ros_msgs/depthai_ros_msgs/msg/detail/track_detection2_d__type_support.hpp
[17.510s] -- Symlinking: /home/michele-zarantonello/BFMC/BRAIN_driveops/luxonis_ws/src/traffic_sign/depthai-ros/install/depthai_ros_msgs/include/depthai_ros_msgs/depthai_ros_msgs/msg/detail/track_detection2_d_array__builder.hpp
[17.518s] -- Symlinking: /home/michele-zarantonello/BFMC/BRAIN_driveops/luxonis_ws/src/traffic_sign/depthai-ros/install/depthai_ros_msgs/include/depthai_ros_msgs/depthai_ros_msgs/msg/detail/track_detection2_d_array__struct.hpp
[17.526s] -- Symlinking: /home/michele-zarantonello/BFMC/BRAIN_driveops/luxonis_ws/src/traffic_sign/depthai-ros/install/depthai_ros_msgs/include/depthai_ros_msgs/depthai_ros_msgs/msg/detail/track_detection2_d_array__traits.hpp
[17.534s] -- Symlinking: /home/michele-zarantonello/BFMC/BRAIN_driveops/luxonis_ws/src/traffic_sign/depthai-ros/install/depthai_ros_msgs/include/depthai_ros_msgs/depthai_ros_msgs/msg/detail/track_detection2_d_array__type_support.hpp
[17.542s] -- Symlinking: /home/michele-zarantonello/BFMC/BRAIN_driveops/luxonis_ws/src/traffic_sign/depthai-ros/install/depthai_ros_msgs/include/depthai_ros_msgs/depthai_ros_msgs/msg/detail/tracked_feature__builder.hpp
[17.550s] -- Symlinking: /home/michele-zarantonello/BFMC/BRAIN_driveops/luxonis_ws/src/traffic_sign/depthai-ros/install/depthai_ros_msgs/include/depthai_ros_msgs/depthai_ros_msgs/msg/detail/tracked_feature__struct.hpp
[17.558s] -- Symlinking: /home/michele-zarantonello/BFMC/BRAIN_driveops/luxonis_ws/src/traffic_sign/depthai-ros/install/depthai_ros_msgs/include/depthai_ros_msgs/depthai_ros_msgs/msg/detail/tracked_feature__traits.hpp
[17.567s] -- Symlinking: /home/michele-zarantonello/BFMC/BRAIN_driveops/luxonis_ws/src/traffic_sign/depthai-ros/install/depthai_ros_msgs/include/depthai_ros_msgs/depthai_ros_msgs/msg/detail/tracked_feature__type_support.hpp
[17.575s] -- Symlinking: /home/michele-zarantonello/BFMC/BRAIN_driveops/luxonis_ws/src/traffic_sign/depthai-ros/install/depthai_ros_msgs/include/depthai_ros_msgs/depthai_ros_msgs/msg/detail/tracked_features__builder.hpp
[17.585s] -- Symlinking: /home/michele-zarantonello/BFMC/BRAIN_driveops/luxonis_ws/src/traffic_sign/depthai-ros/install/depthai_ros_msgs/include/depthai_ros_msgs/depthai_ros_msgs/msg/detail/tracked_features__struct.hpp
[17.593s] -- Symlinking: /home/michele-zarantonello/BFMC/BRAIN_driveops/luxonis_ws/src/traffic_sign/depthai-ros/install/depthai_ros_msgs/include/depthai_ros_msgs/depthai_ros_msgs/msg/detail/tracked_features__traits.hpp
[17.602s] -- Symlinking: /home/michele-zarantonello/BFMC/BRAIN_driveops/luxonis_ws/src/traffic_sign/depthai-ros/install/depthai_ros_msgs/include/depthai_ros_msgs/depthai_ros_msgs/msg/detail/tracked_features__type_support.hpp
[17.610s] -- Symlinking: /home/michele-zarantonello/BFMC/BRAIN_driveops/luxonis_ws/src/traffic_sign/depthai-ros/install/depthai_ros_msgs/include/depthai_ros_msgs/depthai_ros_msgs/msg/hand_landmark.hpp
[17.619s] -- Symlinking: /home/michele-zarantonello/BFMC/BRAIN_driveops/luxonis_ws/src/traffic_sign/depthai-ros/install/depthai_ros_msgs/include/depthai_ros_msgs/depthai_ros_msgs/msg/hand_landmark_array.hpp
[17.627s] -- Symlinking: /home/michele-zarantonello/BFMC/BRAIN_driveops/luxonis_ws/src/traffic_sign/depthai-ros/install/depthai_ros_msgs/include/depthai_ros_msgs/depthai_ros_msgs/msg/imu_with_magnetic_field.hpp
[17.635s] -- Symlinking: /home/michele-zarantonello/BFMC/BRAIN_driveops/luxonis_ws/src/traffic_sign/depthai-ros/install/depthai_ros_msgs/include/depthai_ros_msgs/depthai_ros_msgs/msg/rosidl_generator_cpp__visibility_control.hpp
[17.643s] -- Symlinking: /home/michele-zarantonello/BFMC/BRAIN_driveops/luxonis_ws/src/traffic_sign/depthai-ros/install/depthai_ros_msgs/include/depthai_ros_msgs/depthai_ros_msgs/msg/spatial_detection.hpp
[17.650s] -- Symlinking: /home/michele-zarantonello/BFMC/BRAIN_driveops/luxonis_ws/src/traffic_sign/depthai-ros/install/depthai_ros_msgs/include/depthai_ros_msgs/depthai_ros_msgs/msg/spatial_detection_array.hpp
[17.658s] -- Symlinking: /home/michele-zarantonello/BFMC/BRAIN_driveops/luxonis_ws/src/traffic_sign/depthai-ros/install/depthai_ros_msgs/include/depthai_ros_msgs/depthai_ros_msgs/msg/track_detection2_d.hpp
[17.669s] -- Symlinking: /home/michele-zarantonello/BFMC/BRAIN_driveops/luxonis_ws/src/traffic_sign/depthai-ros/install/depthai_ros_msgs/include/depthai_ros_msgs/depthai_ros_msgs/msg/track_detection2_d_array.hpp
[17.677s] -- Symlinking: /home/michele-zarantonello/BFMC/BRAIN_driveops/luxonis_ws/src/traffic_sign/depthai-ros/install/depthai_ros_msgs/include/depthai_ros_msgs/depthai_ros_msgs/msg/tracked_feature.hpp
[17.688s] -- Symlinking: /home/michele-zarantonello/BFMC/BRAIN_driveops/luxonis_ws/src/traffic_sign/depthai-ros/install/depthai_ros_msgs/include/depthai_ros_msgs/depthai_ros_msgs/msg/tracked_features.hpp
[17.696s] -- Symlinking: /home/michele-zarantonello/BFMC/BRAIN_driveops/luxonis_ws/src/traffic_sign/depthai-ros/install/depthai_ros_msgs/include/depthai_ros_msgs/depthai_ros_msgs/srv/detail/normalized_image_crop__builder.hpp
[17.705s] -- Symlinking: /home/michele-zarantonello/BFMC/BRAIN_driveops/luxonis_ws/src/traffic_sign/depthai-ros/install/depthai_ros_msgs/include/depthai_ros_msgs/depthai_ros_msgs/srv/detail/normalized_image_crop__struct.hpp
[17.713s] -- Symlinking: /home/michele-zarantonello/BFMC/BRAIN_driveops/luxonis_ws/src/traffic_sign/depthai-ros/install/depthai_ros_msgs/include/depthai_ros_msgs/depthai_ros_msgs/srv/detail/normalized_image_crop__traits.hpp
[17.721s] -- Symlinking: /home/michele-zarantonello/BFMC/BRAIN_driveops/luxonis_ws/src/traffic_sign/depthai-ros/install/depthai_ros_msgs/include/depthai_ros_msgs/depthai_ros_msgs/srv/detail/normalized_image_crop__type_support.hpp
[17.729s] -- Symlinking: /home/michele-zarantonello/BFMC/BRAIN_driveops/luxonis_ws/src/traffic_sign/depthai-ros/install/depthai_ros_msgs/include/depthai_ros_msgs/depthai_ros_msgs/srv/detail/trigger_named__builder.hpp
[17.737s] -- Symlinking: /home/michele-zarantonello/BFMC/BRAIN_driveops/luxonis_ws/src/traffic_sign/depthai-ros/install/depthai_ros_msgs/include/depthai_ros_msgs/depthai_ros_msgs/srv/detail/trigger_named__struct.hpp
[17.744s] -- Symlinking: /home/michele-zarantonello/BFMC/BRAIN_driveops/luxonis_ws/src/traffic_sign/depthai-ros/install/depthai_ros_msgs/include/depthai_ros_msgs/depthai_ros_msgs/srv/detail/trigger_named__traits.hpp
[17.752s] -- Symlinking: /home/michele-zarantonello/BFMC/BRAIN_driveops/luxonis_ws/src/traffic_sign/depthai-ros/install/depthai_ros_msgs/include/depthai_ros_msgs/depthai_ros_msgs/srv/detail/trigger_named__type_support.hpp
[17.760s] -- Symlinking: /home/michele-zarantonello/BFMC/BRAIN_driveops/luxonis_ws/src/traffic_sign/depthai-ros/install/depthai_ros_msgs/include/depthai_ros_msgs/depthai_ros_msgs/srv/normalized_image_crop.hpp
[17.770s] -- Symlinking: /home/michele-zarantonello/BFMC/BRAIN_driveops/luxonis_ws/src/traffic_sign/depthai-ros/install/depthai_ros_msgs/include/depthai_ros_msgs/depthai_ros_msgs/srv/trigger_named.hpp
[17.782s] -- Symlinking: /home/michele-zarantonello/BFMC/BRAIN_driveops/luxonis_ws/src/traffic_sign/depthai-ros/install/depthai_ros_msgs/include/depthai_ros_msgs/depthai_ros_msgs/msg/detail/auto_focus_ctrl__rosidl_typesupport_fastrtps_cpp.hpp
[17.790s] -- Symlinking: /home/michele-zarantonello/BFMC/BRAIN_driveops/luxonis_ws/src/traffic_sign/depthai-ros/install/depthai_ros_msgs/include/depthai_ros_msgs/depthai_ros_msgs/msg/detail/hand_landmark__rosidl_typesupport_fastrtps_cpp.hpp
[17.799s] -- Symlinking: /home/michele-zarantonello/BFMC/BRAIN_driveops/luxonis_ws/src/traffic_sign/depthai-ros/install/depthai_ros_msgs/include/depthai_ros_msgs/depthai_ros_msgs/msg/detail/hand_landmark_array__rosidl_typesupport_fastrtps_cpp.hpp
[17.807s] -- Symlinking: /home/michele-zarantonello/BFMC/BRAIN_driveops/luxonis_ws/src/traffic_sign/depthai-ros/install/depthai_ros_msgs/include/depthai_ros_msgs/depthai_ros_msgs/msg/detail/imu_with_magnetic_field__rosidl_typesupport_fastrtps_cpp.hpp
[17.815s] -- Symlinking: /home/michele-zarantonello/BFMC/BRAIN_driveops/luxonis_ws/src/traffic_sign/depthai-ros/install/depthai_ros_msgs/include/depthai_ros_msgs/depthai_ros_msgs/msg/detail/spatial_detection__rosidl_typesupport_fastrtps_cpp.hpp
[17.823s] -- Symlinking: /home/michele-zarantonello/BFMC/BRAIN_driveops/luxonis_ws/src/traffic_sign/depthai-ros/install/depthai_ros_msgs/include/depthai_ros_msgs/depthai_ros_msgs/msg/detail/spatial_detection_array__rosidl_typesupport_fastrtps_cpp.hpp
[17.831s] -- Symlinking: /home/michele-zarantonello/BFMC/BRAIN_driveops/luxonis_ws/src/traffic_sign/depthai-ros/install/depthai_ros_msgs/include/depthai_ros_msgs/depthai_ros_msgs/msg/detail/track_detection2_d__rosidl_typesupport_fastrtps_cpp.hpp
[17.839s] -- Symlinking: /home/michele-zarantonello/BFMC/BRAIN_driveops/luxonis_ws/src/traffic_sign/depthai-ros/install/depthai_ros_msgs/include/depthai_ros_msgs/depthai_ros_msgs/msg/detail/track_detection2_d_array__rosidl_typesupport_fastrtps_cpp.hpp
[17.848s] -- Symlinking: /home/michele-zarantonello/BFMC/BRAIN_driveops/luxonis_ws/src/traffic_sign/depthai-ros/install/depthai_ros_msgs/include/depthai_ros_msgs/depthai_ros_msgs/msg/detail/tracked_feature__rosidl_typesupport_fastrtps_cpp.hpp
[17.855s] -- Symlinking: /home/michele-zarantonello/BFMC/BRAIN_driveops/luxonis_ws/src/traffic_sign/depthai-ros/install/depthai_ros_msgs/include/depthai_ros_msgs/depthai_ros_msgs/msg/detail/tracked_features__rosidl_typesupport_fastrtps_cpp.hpp
[17.864s] -- Symlinking: /home/michele-zarantonello/BFMC/BRAIN_driveops/luxonis_ws/src/traffic_sign/depthai-ros/install/depthai_ros_msgs/include/depthai_ros_msgs/depthai_ros_msgs/msg/rosidl_typesupport_fastrtps_cpp__visibility_control.h
[17.873s] -- Symlinking: /home/michele-zarantonello/BFMC/BRAIN_driveops/luxonis_ws/src/traffic_sign/depthai-ros/install/depthai_ros_msgs/include/depthai_ros_msgs/depthai_ros_msgs/srv/detail/normalized_image_crop__rosidl_typesupport_fastrtps_cpp.hpp
[17.884s] -- Symlinking: /home/michele-zarantonello/BFMC/BRAIN_driveops/luxonis_ws/src/traffic_sign/depthai-ros/install/depthai_ros_msgs/include/depthai_ros_msgs/depthai_ros_msgs/srv/detail/trigger_named__rosidl_typesupport_fastrtps_cpp.hpp
[17.892s] -- Symlinking: /home/michele-zarantonello/BFMC/BRAIN_driveops/luxonis_ws/src/traffic_sign/depthai-ros/install/depthai_ros_msgs/include/depthai_ros_msgs/depthai_ros_msgs/msg/detail/auto_focus_ctrl__rosidl_typesupport_introspection_c.h
[17.901s] -- Symlinking: /home/michele-zarantonello/BFMC/BRAIN_driveops/luxonis_ws/src/traffic_sign/depthai-ros/install/depthai_ros_msgs/include/depthai_ros_msgs/depthai_ros_msgs/msg/detail/hand_landmark__rosidl_typesupport_introspection_c.h
[17.910s] -- Symlinking: /home/michele-zarantonello/BFMC/BRAIN_driveops/luxonis_ws/src/traffic_sign/depthai-ros/install/depthai_ros_msgs/include/depthai_ros_msgs/depthai_ros_msgs/msg/detail/hand_landmark_array__rosidl_typesupport_introspection_c.h
[17.918s] -- Symlinking: /home/michele-zarantonello/BFMC/BRAIN_driveops/luxonis_ws/src/traffic_sign/depthai-ros/install/depthai_ros_msgs/include/depthai_ros_msgs/depthai_ros_msgs/msg/detail/imu_with_magnetic_field__rosidl_typesupport_introspection_c.h
[17.926s] -- Symlinking: /home/michele-zarantonello/BFMC/BRAIN_driveops/luxonis_ws/src/traffic_sign/depthai-ros/install/depthai_ros_msgs/include/depthai_ros_msgs/depthai_ros_msgs/msg/detail/spatial_detection__rosidl_typesupport_introspection_c.h
[17.934s] -- Symlinking: /home/michele-zarantonello/BFMC/BRAIN_driveops/luxonis_ws/src/traffic_sign/depthai-ros/install/depthai_ros_msgs/include/depthai_ros_msgs/depthai_ros_msgs/msg/detail/spatial_detection_array__rosidl_typesupport_introspection_c.h
[17.942s] -- Symlinking: /home/michele-zarantonello/BFMC/BRAIN_driveops/luxonis_ws/src/traffic_sign/depthai-ros/install/depthai_ros_msgs/include/depthai_ros_msgs/depthai_ros_msgs/msg/detail/track_detection2_d__rosidl_typesupport_introspection_c.h
[17.950s] -- Symlinking: /home/michele-zarantonello/BFMC/BRAIN_driveops/luxonis_ws/src/traffic_sign/depthai-ros/install/depthai_ros_msgs/include/depthai_ros_msgs/depthai_ros_msgs/msg/detail/track_detection2_d_array__rosidl_typesupport_introspection_c.h
[17.958s] -- Symlinking: /home/michele-zarantonello/BFMC/BRAIN_driveops/luxonis_ws/src/traffic_sign/depthai-ros/install/depthai_ros_msgs/include/depthai_ros_msgs/depthai_ros_msgs/msg/detail/tracked_feature__rosidl_typesupport_introspection_c.h
[17.968s] -- Symlinking: /home/michele-zarantonello/BFMC/BRAIN_driveops/luxonis_ws/src/traffic_sign/depthai-ros/install/depthai_ros_msgs/include/depthai_ros_msgs/depthai_ros_msgs/msg/detail/tracked_features__rosidl_typesupport_introspection_c.h
[17.976s] -- Symlinking: /home/michele-zarantonello/BFMC/BRAIN_driveops/luxonis_ws/src/traffic_sign/depthai-ros/install/depthai_ros_msgs/include/depthai_ros_msgs/depthai_ros_msgs/msg/rosidl_typesupport_introspection_c__visibility_control.h
[17.987s] -- Symlinking: /home/michele-zarantonello/BFMC/BRAIN_driveops/luxonis_ws/src/traffic_sign/depthai-ros/install/depthai_ros_msgs/include/depthai_ros_msgs/depthai_ros_msgs/srv/detail/normalized_image_crop__rosidl_typesupport_introspection_c.h
[17.996s] -- Symlinking: /home/michele-zarantonello/BFMC/BRAIN_driveops/luxonis_ws/src/traffic_sign/depthai-ros/install/depthai_ros_msgs/include/depthai_ros_msgs/depthai_ros_msgs/srv/detail/trigger_named__rosidl_typesupport_introspection_c.h
[18.005s] -- Symlinking: /home/michele-zarantonello/BFMC/BRAIN_driveops/luxonis_ws/src/traffic_sign/depthai-ros/install/depthai_ros_msgs/include/depthai_ros_msgs/depthai_ros_msgs/msg/detail/auto_focus_ctrl__rosidl_typesupport_introspection_cpp.hpp
[18.014s] -- Symlinking: /home/michele-zarantonello/BFMC/BRAIN_driveops/luxonis_ws/src/traffic_sign/depthai-ros/install/depthai_ros_msgs/include/depthai_ros_msgs/depthai_ros_msgs/msg/detail/hand_landmark__rosidl_typesupport_introspection_cpp.hpp
[18.022s] -- Symlinking: /home/michele-zarantonello/BFMC/BRAIN_driveops/luxonis_ws/src/traffic_sign/depthai-ros/install/depthai_ros_msgs/include/depthai_ros_msgs/depthai_ros_msgs/msg/detail/hand_landmark_array__rosidl_typesupport_introspection_cpp.hpp
[18.030s] -- Symlinking: /home/michele-zarantonello/BFMC/BRAIN_driveops/luxonis_ws/src/traffic_sign/depthai-ros/install/depthai_ros_msgs/include/depthai_ros_msgs/depthai_ros_msgs/msg/detail/imu_with_magnetic_field__rosidl_typesupport_introspection_cpp.hpp
[18.039s] -- Symlinking: /home/michele-zarantonello/BFMC/BRAIN_driveops/luxonis_ws/src/traffic_sign/depthai-ros/install/depthai_ros_msgs/include/depthai_ros_msgs/depthai_ros_msgs/msg/detail/spatial_detection__rosidl_typesupport_introspection_cpp.hpp
[18.047s] -- Symlinking: /home/michele-zarantonello/BFMC/BRAIN_driveops/luxonis_ws/src/traffic_sign/depthai-ros/install/depthai_ros_msgs/include/depthai_ros_msgs/depthai_ros_msgs/msg/detail/spatial_detection_array__rosidl_typesupport_introspection_cpp.hpp
[18.055s] -- Symlinking: /home/michele-zarantonello/BFMC/BRAIN_driveops/luxonis_ws/src/traffic_sign/depthai-ros/install/depthai_ros_msgs/include/depthai_ros_msgs/depthai_ros_msgs/msg/detail/track_detection2_d__rosidl_typesupport_introspection_cpp.hpp
[18.063s] -- Symlinking: /home/michele-zarantonello/BFMC/BRAIN_driveops/luxonis_ws/src/traffic_sign/depthai-ros/install/depthai_ros_msgs/include/depthai_ros_msgs/depthai_ros_msgs/msg/detail/track_detection2_d_array__rosidl_typesupport_introspection_cpp.hpp
[18.073s] -- Symlinking: /home/michele-zarantonello/BFMC/BRAIN_driveops/luxonis_ws/src/traffic_sign/depthai-ros/install/depthai_ros_msgs/include/depthai_ros_msgs/depthai_ros_msgs/msg/detail/tracked_feature__rosidl_typesupport_introspection_cpp.hpp
[18.083s] -- Symlinking: /home/michele-zarantonello/BFMC/BRAIN_driveops/luxonis_ws/src/traffic_sign/depthai-ros/install/depthai_ros_msgs/include/depthai_ros_msgs/depthai_ros_msgs/msg/detail/tracked_features__rosidl_typesupport_introspection_cpp.hpp
[18.091s] -- Symlinking: /home/michele-zarantonello/BFMC/BRAIN_driveops/luxonis_ws/src/traffic_sign/depthai-ros/install/depthai_ros_msgs/include/depthai_ros_msgs/depthai_ros_msgs/srv/detail/normalized_image_crop__rosidl_typesupport_introspection_cpp.hpp
[18.101s] -- Symlinking: /home/michele-zarantonello/BFMC/BRAIN_driveops/luxonis_ws/src/traffic_sign/depthai-ros/install/depthai_ros_msgs/include/depthai_ros_msgs/depthai_ros_msgs/srv/detail/trigger_named__rosidl_typesupport_introspection_cpp.hpp
[18.109s] -- Symlinking: /home/michele-zarantonello/BFMC/BRAIN_driveops/luxonis_ws/src/traffic_sign/depthai-ros/install/depthai_ros_msgs/share/depthai_ros_msgs/environment/pythonpath.sh
[18.117s] -- Symlinking: /home/michele-zarantonello/BFMC/BRAIN_driveops/luxonis_ws/src/traffic_sign/depthai-ros/install/depthai_ros_msgs/share/depthai_ros_msgs/environment/pythonpath.dsv
[18.125s] -- Symlinking: /home/michele-zarantonello/BFMC/BRAIN_driveops/luxonis_ws/src/traffic_sign/depthai-ros/install/depthai_ros_msgs/lib/python3.12/site-packages/depthai_ros_msgs-2.12.2-py3.12.egg-info/PKG-INFO
[18.133s] -- Symlinking: /home/michele-zarantonello/BFMC/BRAIN_driveops/luxonis_ws/src/traffic_sign/depthai-ros/install/depthai_ros_msgs/lib/python3.12/site-packages/depthai_ros_msgs-2.12.2-py3.12.egg-info/SOURCES.txt
[18.141s] -- Symlinking: /home/michele-zarantonello/BFMC/BRAIN_driveops/luxonis_ws/src/traffic_sign/depthai-ros/install/depthai_ros_msgs/lib/python3.12/site-packages/depthai_ros_msgs-2.12.2-py3.12.egg-info/dependency_links.txt
[18.149s] -- Symlinking: /home/michele-zarantonello/BFMC/BRAIN_driveops/luxonis_ws/src/traffic_sign/depthai-ros/install/depthai_ros_msgs/lib/python3.12/site-packages/depthai_ros_msgs-2.12.2-py3.12.egg-info/top_level.txt
[18.158s] -- Symlinking: /home/michele-zarantonello/BFMC/BRAIN_driveops/luxonis_ws/src/traffic_sign/depthai-ros/install/depthai_ros_msgs/lib/python3.12/site-packages/depthai_ros_msgs/__init__.py
[18.168s] -- Symlinking: /home/michele-zarantonello/BFMC/BRAIN_driveops/luxonis_ws/src/traffic_sign/depthai-ros/install/depthai_ros_msgs/lib/python3.12/site-packages/depthai_ros_msgs/_depthai_ros_msgs_s.ep.rosidl_typesupport_c.c
[18.176s] -- Symlinking: /home/michele-zarantonello/BFMC/BRAIN_driveops/luxonis_ws/src/traffic_sign/depthai-ros/install/depthai_ros_msgs/lib/python3.12/site-packages/depthai_ros_msgs/_depthai_ros_msgs_s.ep.rosidl_typesupport_fastrtps_c.c
[18.186s] -- Symlinking: /home/michele-zarantonello/BFMC/BRAIN_driveops/luxonis_ws/src/traffic_sign/depthai-ros/install/depthai_ros_msgs/lib/python3.12/site-packages/depthai_ros_msgs/_depthai_ros_msgs_s.ep.rosidl_typesupport_introspection_c.c
[18.194s] -- Symlinking: /home/michele-zarantonello/BFMC/BRAIN_driveops/luxonis_ws/src/traffic_sign/depthai-ros/install/depthai_ros_msgs/lib/python3.12/site-packages/depthai_ros_msgs/depthai_ros_msgs_s__rosidl_typesupport_c.so
[18.203s] -- Symlinking: /home/michele-zarantonello/BFMC/BRAIN_driveops/luxonis_ws/src/traffic_sign/depthai-ros/install/depthai_ros_msgs/lib/python3.12/site-packages/depthai_ros_msgs/depthai_ros_msgs_s__rosidl_typesupport_fastrtps_c.so
[18.211s] -- Symlinking: /home/michele-zarantonello/BFMC/BRAIN_driveops/luxonis_ws/src/traffic_sign/depthai-ros/install/depthai_ros_msgs/lib/python3.12/site-packages/depthai_ros_msgs/depthai_ros_msgs_s__rosidl_typesupport_introspection_c.so
[18.219s] -- Symlinking: /home/michele-zarantonello/BFMC/BRAIN_driveops/luxonis_ws/src/traffic_sign/depthai-ros/install/depthai_ros_msgs/lib/python3.12/site-packages/depthai_ros_msgs/msg/__init__.py
[18.227s] -- Symlinking: /home/michele-zarantonello/BFMC/BRAIN_driveops/luxonis_ws/src/traffic_sign/depthai-ros/install/depthai_ros_msgs/lib/python3.12/site-packages/depthai_ros_msgs/msg/_auto_focus_ctrl.py
[18.235s] -- Symlinking: /home/michele-zarantonello/BFMC/BRAIN_driveops/luxonis_ws/src/traffic_sign/depthai-ros/install/depthai_ros_msgs/lib/python3.12/site-packages/depthai_ros_msgs/msg/_auto_focus_ctrl_s.c
[18.243s] -- Symlinking: /home/michele-zarantonello/BFMC/BRAIN_driveops/luxonis_ws/src/traffic_sign/depthai-ros/install/depthai_ros_msgs/lib/python3.12/site-packages/depthai_ros_msgs/msg/_hand_landmark.py
[18.251s] -- Symlinking: /home/michele-zarantonello/BFMC/BRAIN_driveops/luxonis_ws/src/traffic_sign/depthai-ros/install/depthai_ros_msgs/lib/python3.12/site-packages/depthai_ros_msgs/msg/_hand_landmark_array.py
[18.259s] -- Symlinking: /home/michele-zarantonello/BFMC/BRAIN_driveops/luxonis_ws/src/traffic_sign/depthai-ros/install/depthai_ros_msgs/lib/python3.12/site-packages/depthai_ros_msgs/msg/_hand_landmark_array_s.c
[18.269s] -- Symlinking: /home/michele-zarantonello/BFMC/BRAIN_driveops/luxonis_ws/src/traffic_sign/depthai-ros/install/depthai_ros_msgs/lib/python3.12/site-packages/depthai_ros_msgs/msg/_hand_landmark_s.c
[18.278s] -- Symlinking: /home/michele-zarantonello/BFMC/BRAIN_driveops/luxonis_ws/src/traffic_sign/depthai-ros/install/depthai_ros_msgs/lib/python3.12/site-packages/depthai_ros_msgs/msg/_imu_with_magnetic_field.py
[18.287s] -- Symlinking: /home/michele-zarantonello/BFMC/BRAIN_driveops/luxonis_ws/src/traffic_sign/depthai-ros/install/depthai_ros_msgs/lib/python3.12/site-packages/depthai_ros_msgs/msg/_imu_with_magnetic_field_s.c
[18.296s] -- Symlinking: /home/michele-zarantonello/BFMC/BRAIN_driveops/luxonis_ws/src/traffic_sign/depthai-ros/install/depthai_ros_msgs/lib/python3.12/site-packages/depthai_ros_msgs/msg/_spatial_detection.py
[18.305s] -- Symlinking: /home/michele-zarantonello/BFMC/BRAIN_driveops/luxonis_ws/src/traffic_sign/depthai-ros/install/depthai_ros_msgs/lib/python3.12/site-packages/depthai_ros_msgs/msg/_spatial_detection_array.py
[18.313s] -- Symlinking: /home/michele-zarantonello/BFMC/BRAIN_driveops/luxonis_ws/src/traffic_sign/depthai-ros/install/depthai_ros_msgs/lib/python3.12/site-packages/depthai_ros_msgs/msg/_spatial_detection_array_s.c
[18.321s] -- Symlinking: /home/michele-zarantonello/BFMC/BRAIN_driveops/luxonis_ws/src/traffic_sign/depthai-ros/install/depthai_ros_msgs/lib/python3.12/site-packages/depthai_ros_msgs/msg/_spatial_detection_s.c
[18.329s] -- Symlinking: /home/michele-zarantonello/BFMC/BRAIN_driveops/luxonis_ws/src/traffic_sign/depthai-ros/install/depthai_ros_msgs/lib/python3.12/site-packages/depthai_ros_msgs/msg/_track_detection2_d.py
[18.337s] -- Symlinking: /home/michele-zarantonello/BFMC/BRAIN_driveops/luxonis_ws/src/traffic_sign/depthai-ros/install/depthai_ros_msgs/lib/python3.12/site-packages/depthai_ros_msgs/msg/_track_detection2_d_array.py
[18.345s] -- Symlinking: /home/michele-zarantonello/BFMC/BRAIN_driveops/luxonis_ws/src/traffic_sign/depthai-ros/install/depthai_ros_msgs/lib/python3.12/site-packages/depthai_ros_msgs/msg/_track_detection2_d_array_s.c
[18.352s] -- Symlinking: /home/michele-zarantonello/BFMC/BRAIN_driveops/luxonis_ws/src/traffic_sign/depthai-ros/install/depthai_ros_msgs/lib/python3.12/site-packages/depthai_ros_msgs/msg/_track_detection2_d_s.c
[18.360s] -- Symlinking: /home/michele-zarantonello/BFMC/BRAIN_driveops/luxonis_ws/src/traffic_sign/depthai-ros/install/depthai_ros_msgs/lib/python3.12/site-packages/depthai_ros_msgs/msg/_tracked_feature.py
[18.370s] -- Symlinking: /home/michele-zarantonello/BFMC/BRAIN_driveops/luxonis_ws/src/traffic_sign/depthai-ros/install/depthai_ros_msgs/lib/python3.12/site-packages/depthai_ros_msgs/msg/_tracked_feature_s.c
[18.380s] -- Symlinking: /home/michele-zarantonello/BFMC/BRAIN_driveops/luxonis_ws/src/traffic_sign/depthai-ros/install/depthai_ros_msgs/lib/python3.12/site-packages/depthai_ros_msgs/msg/_tracked_features.py
[18.389s] -- Symlinking: /home/michele-zarantonello/BFMC/BRAIN_driveops/luxonis_ws/src/traffic_sign/depthai-ros/install/depthai_ros_msgs/lib/python3.12/site-packages/depthai_ros_msgs/msg/_tracked_features_s.c
[18.398s] -- Symlinking: /home/michele-zarantonello/BFMC/BRAIN_driveops/luxonis_ws/src/traffic_sign/depthai-ros/install/depthai_ros_msgs/lib/python3.12/site-packages/depthai_ros_msgs/srv/__init__.py
[18.406s] -- Symlinking: /home/michele-zarantonello/BFMC/BRAIN_driveops/luxonis_ws/src/traffic_sign/depthai-ros/install/depthai_ros_msgs/lib/python3.12/site-packages/depthai_ros_msgs/srv/_normalized_image_crop.py
[18.414s] -- Symlinking: /home/michele-zarantonello/BFMC/BRAIN_driveops/luxonis_ws/src/traffic_sign/depthai-ros/install/depthai_ros_msgs/lib/python3.12/site-packages/depthai_ros_msgs/srv/_normalized_image_crop_s.c
[18.422s] -- Symlinking: /home/michele-zarantonello/BFMC/BRAIN_driveops/luxonis_ws/src/traffic_sign/depthai-ros/install/depthai_ros_msgs/lib/python3.12/site-packages/depthai_ros_msgs/srv/_trigger_named.py
[18.430s] -- Symlinking: /home/michele-zarantonello/BFMC/BRAIN_driveops/luxonis_ws/src/traffic_sign/depthai-ros/install/depthai_ros_msgs/lib/python3.12/site-packages/depthai_ros_msgs/srv/_trigger_named_s.c
[18.439s] -- Up-to-date symlink: /home/michele-zarantonello/BFMC/BRAIN_driveops/luxonis_ws/src/traffic_sign/depthai-ros/install/depthai_ros_msgs/lib/python3.12/site-packages/depthai_ros_msgs/depthai_ros_msgs_s__rosidl_typesupport_fastrtps_c.so
[18.439s] -- Up-to-date symlink: /home/michele-zarantonello/BFMC/BRAIN_driveops/luxonis_ws/src/traffic_sign/depthai-ros/install/depthai_ros_msgs/lib/python3.12/site-packages/depthai_ros_msgs/depthai_ros_msgs_s__rosidl_typesupport_introspection_c.so
[18.439s] -- Up-to-date symlink: /home/michele-zarantonello/BFMC/BRAIN_driveops/luxonis_ws/src/traffic_sign/depthai-ros/install/depthai_ros_msgs/lib/python3.12/site-packages/depthai_ros_msgs/depthai_ros_msgs_s__rosidl_typesupport_c.so
[18.439s] -- Symlinking: /home/michele-zarantonello/BFMC/BRAIN_driveops/luxonis_ws/src/traffic_sign/depthai-ros/install/depthai_ros_msgs/share/depthai_ros_msgs/msg/AutoFocusCtrl.idl
[18.447s] -- Symlinking: /home/michele-zarantonello/BFMC/BRAIN_driveops/luxonis_ws/src/traffic_sign/depthai-ros/install/depthai_ros_msgs/share/depthai_ros_msgs/msg/HandLandmark.idl
[18.455s] -- Symlinking: /home/michele-zarantonello/BFMC/BRAIN_driveops/luxonis_ws/src/traffic_sign/depthai-ros/install/depthai_ros_msgs/share/depthai_ros_msgs/msg/HandLandmarkArray.idl
[18.463s] -- Symlinking: /home/michele-zarantonello/BFMC/BRAIN_driveops/luxonis_ws/src/traffic_sign/depthai-ros/install/depthai_ros_msgs/share/depthai_ros_msgs/msg/ImuWithMagneticField.idl
[18.473s] -- Symlinking: /home/michele-zarantonello/BFMC/BRAIN_driveops/luxonis_ws/src/traffic_sign/depthai-ros/install/depthai_ros_msgs/share/depthai_ros_msgs/msg/TrackedFeature.idl
[18.483s] -- Symlinking: /home/michele-zarantonello/BFMC/BRAIN_driveops/luxonis_ws/src/traffic_sign/depthai-ros/install/depthai_ros_msgs/share/depthai_ros_msgs/msg/TrackedFeatures.idl
[18.491s] -- Symlinking: /home/michele-zarantonello/BFMC/BRAIN_driveops/luxonis_ws/src/traffic_sign/depthai-ros/install/depthai_ros_msgs/share/depthai_ros_msgs/msg/SpatialDetection.idl
[18.506s] -- Symlinking: /home/michele-zarantonello/BFMC/BRAIN_driveops/luxonis_ws/src/traffic_sign/depthai-ros/install/depthai_ros_msgs/share/depthai_ros_msgs/msg/SpatialDetectionArray.idl
[18.521s] -- Symlinking: /home/michele-zarantonello/BFMC/BRAIN_driveops/luxonis_ws/src/traffic_sign/depthai-ros/install/depthai_ros_msgs/share/depthai_ros_msgs/msg/TrackDetection2D.idl
[18.530s] -- Symlinking: /home/michele-zarantonello/BFMC/BRAIN_driveops/luxonis_ws/src/traffic_sign/depthai-ros/install/depthai_ros_msgs/share/depthai_ros_msgs/msg/TrackDetection2DArray.idl
[18.541s] -- Symlinking: /home/michele-zarantonello/BFMC/BRAIN_driveops/luxonis_ws/src/traffic_sign/depthai-ros/install/depthai_ros_msgs/share/depthai_ros_msgs/srv/TriggerNamed.idl
[18.552s] -- Symlinking: /home/michele-zarantonello/BFMC/BRAIN_driveops/luxonis_ws/src/traffic_sign/depthai-ros/install/depthai_ros_msgs/share/depthai_ros_msgs/srv/NormalizedImageCrop.idl
[18.560s] -- Symlinking: /home/michele-zarantonello/BFMC/BRAIN_driveops/luxonis_ws/src/traffic_sign/depthai-ros/install/depthai_ros_msgs/share/depthai_ros_msgs/msg/AutoFocusCtrl.msg
[18.570s] -- Symlinking: /home/michele-zarantonello/BFMC/BRAIN_driveops/luxonis_ws/src/traffic_sign/depthai-ros/install/depthai_ros_msgs/share/depthai_ros_msgs/msg/HandLandmark.msg
[18.580s] -- Symlinking: /home/michele-zarantonello/BFMC/BRAIN_driveops/luxonis_ws/src/traffic_sign/depthai-ros/install/depthai_ros_msgs/share/depthai_ros_msgs/msg/HandLandmarkArray.msg
[18.588s] -- Symlinking: /home/michele-zarantonello/BFMC/BRAIN_driveops/luxonis_ws/src/traffic_sign/depthai-ros/install/depthai_ros_msgs/share/depthai_ros_msgs/msg/ImuWithMagneticField.msg
[18.598s] -- Symlinking: /home/michele-zarantonello/BFMC/BRAIN_driveops/luxonis_ws/src/traffic_sign/depthai-ros/install/depthai_ros_msgs/share/depthai_ros_msgs/msg/TrackedFeature.msg
[18.607s] -- Symlinking: /home/michele-zarantonello/BFMC/BRAIN_driveops/luxonis_ws/src/traffic_sign/depthai-ros/install/depthai_ros_msgs/share/depthai_ros_msgs/msg/TrackedFeatures.msg
[18.616s] -- Symlinking: /home/michele-zarantonello/BFMC/BRAIN_driveops/luxonis_ws/src/traffic_sign/depthai-ros/install/depthai_ros_msgs/share/depthai_ros_msgs/msg/SpatialDetection.msg
[18.625s] -- Symlinking: /home/michele-zarantonello/BFMC/BRAIN_driveops/luxonis_ws/src/traffic_sign/depthai-ros/install/depthai_ros_msgs/share/depthai_ros_msgs/msg/SpatialDetectionArray.msg
[18.633s] -- Symlinking: /home/michele-zarantonello/BFMC/BRAIN_driveops/luxonis_ws/src/traffic_sign/depthai-ros/install/depthai_ros_msgs/share/depthai_ros_msgs/msg/TrackDetection2D.msg
[18.641s] -- Symlinking: /home/michele-zarantonello/BFMC/BRAIN_driveops/luxonis_ws/src/traffic_sign/depthai-ros/install/depthai_ros_msgs/share/depthai_ros_msgs/msg/TrackDetection2DArray.msg
[18.649s] -- Symlinking: /home/michele-zarantonello/BFMC/BRAIN_driveops/luxonis_ws/src/traffic_sign/depthai-ros/install/depthai_ros_msgs/share/depthai_ros_msgs/srv/TriggerNamed.srv
[18.657s] -- Symlinking: /home/michele-zarantonello/BFMC/BRAIN_driveops/luxonis_ws/src/traffic_sign/depthai-ros/install/depthai_ros_msgs/share/depthai_ros_msgs/srv/NormalizedImageCrop.srv
[18.665s] -- Symlinking: /home/michele-zarantonello/BFMC/BRAIN_driveops/luxonis_ws/src/traffic_sign/depthai-ros/install/depthai_ros_msgs/share/ament_index/resource_index/package_run_dependencies/depthai_ros_msgs
[18.675s] -- Symlinking: /home/michele-zarantonello/BFMC/BRAIN_driveops/luxonis_ws/src/traffic_sign/depthai-ros/install/depthai_ros_msgs/share/ament_index/resource_index/parent_prefix_path/depthai_ros_msgs
[18.685s] -- Symlinking: /home/michele-zarantonello/BFMC/BRAIN_driveops/luxonis_ws/src/traffic_sign/depthai-ros/install/depthai_ros_msgs/share/depthai_ros_msgs/environment/ament_prefix_path.sh
[18.693s] -- Symlinking: /home/michele-zarantonello/BFMC/BRAIN_driveops/luxonis_ws/src/traffic_sign/depthai-ros/install/depthai_ros_msgs/share/depthai_ros_msgs/environment/ament_prefix_path.dsv
[18.703s] -- Symlinking: /home/michele-zarantonello/BFMC/BRAIN_driveops/luxonis_ws/src/traffic_sign/depthai-ros/install/depthai_ros_msgs/share/depthai_ros_msgs/environment/path.sh
[18.711s] -- Symlinking: /home/michele-zarantonello/BFMC/BRAIN_driveops/luxonis_ws/src/traffic_sign/depthai-ros/install/depthai_ros_msgs/share/depthai_ros_msgs/environment/path.dsv
[18.719s] -- Symlinking: /home/michele-zarantonello/BFMC/BRAIN_driveops/luxonis_ws/src/traffic_sign/depthai-ros/install/depthai_ros_msgs/share/depthai_ros_msgs/local_setup.bash
[18.727s] -- Symlinking: /home/michele-zarantonello/BFMC/BRAIN_driveops/luxonis_ws/src/traffic_sign/depthai-ros/install/depthai_ros_msgs/share/depthai_ros_msgs/local_setup.sh
[18.735s] -- Symlinking: /home/michele-zarantonello/BFMC/BRAIN_driveops/luxonis_ws/src/traffic_sign/depthai-ros/install/depthai_ros_msgs/share/depthai_ros_msgs/local_setup.zsh
[18.743s] -- Symlinking: /home/michele-zarantonello/BFMC/BRAIN_driveops/luxonis_ws/src/traffic_sign/depthai-ros/install/depthai_ros_msgs/share/depthai_ros_msgs/local_setup.dsv
[18.751s] -- Symlinking: /home/michele-zarantonello/BFMC/BRAIN_driveops/luxonis_ws/src/traffic_sign/depthai-ros/install/depthai_ros_msgs/share/depthai_ros_msgs/package.dsv
[18.759s] -- Symlinking: /home/michele-zarantonello/BFMC/BRAIN_driveops/luxonis_ws/src/traffic_sign/depthai-ros/install/depthai_ros_msgs/share/ament_index/resource_index/packages/depthai_ros_msgs
[18.769s] -- Symlinking: /home/michele-zarantonello/BFMC/BRAIN_driveops/luxonis_ws/src/traffic_sign/depthai-ros/install/depthai_ros_msgs/share/depthai_ros_msgs/cmake/rosidl_cmake-extras.cmake
[18.779s] -- Symlinking: /home/michele-zarantonello/BFMC/BRAIN_driveops/luxonis_ws/src/traffic_sign/depthai-ros/install/depthai_ros_msgs/share/depthai_ros_msgs/cmake/ament_cmake_export_dependencies-extras.cmake
[18.788s] -- Symlinking: /home/michele-zarantonello/BFMC/BRAIN_driveops/luxonis_ws/src/traffic_sign/depthai-ros/install/depthai_ros_msgs/share/depthai_ros_msgs/cmake/ament_cmake_export_include_directories-extras.cmake
[18.797s] -- Symlinking: /home/michele-zarantonello/BFMC/BRAIN_driveops/luxonis_ws/src/traffic_sign/depthai-ros/install/depthai_ros_msgs/share/depthai_ros_msgs/cmake/ament_cmake_export_libraries-extras.cmake
[18.805s] -- Symlinking: /home/michele-zarantonello/BFMC/BRAIN_driveops/luxonis_ws/src/traffic_sign/depthai-ros/install/depthai_ros_msgs/share/depthai_ros_msgs/cmake/ament_cmake_export_targets-extras.cmake
[18.813s] -- Symlinking: /home/michele-zarantonello/BFMC/BRAIN_driveops/luxonis_ws/src/traffic_sign/depthai-ros/install/depthai_ros_msgs/share/depthai_ros_msgs/cmake/rosidl_cmake_export_typesupport_targets-extras.cmake
[18.821s] -- Symlinking: /home/michele-zarantonello/BFMC/BRAIN_driveops/luxonis_ws/src/traffic_sign/depthai-ros/install/depthai_ros_msgs/share/depthai_ros_msgs/cmake/rosidl_cmake_export_typesupport_libraries-extras.cmake
[18.829s] -- Symlinking: /home/michele-zarantonello/BFMC/BRAIN_driveops/luxonis_ws/src/traffic_sign/depthai-ros/install/depthai_ros_msgs/share/depthai_ros_msgs/cmake/depthai_ros_msgsConfig.cmake
[18.837s] -- Symlinking: /home/michele-zarantonello/BFMC/BRAIN_driveops/luxonis_ws/src/traffic_sign/depthai-ros/install/depthai_ros_msgs/share/depthai_ros_msgs/cmake/depthai_ros_msgsConfig-version.cmake
[18.845s] -- Symlinking: /home/michele-zarantonello/BFMC/BRAIN_driveops/luxonis_ws/src/traffic_sign/depthai-ros/install/depthai_ros_msgs/share/depthai_ros_msgs/package.xml
[18.853s] -- Installing: /home/michele-zarantonello/BFMC/BRAIN_driveops/luxonis_ws/src/traffic_sign/depthai-ros/install/depthai_ros_msgs/lib/libdepthai_ros_msgs__rosidl_generator_c.so
[18.854s] -- Set non-toolchain portion of runtime path of "/home/michele-zarantonello/BFMC/BRAIN_driveops/luxonis_ws/src/traffic_sign/depthai-ros/install/depthai_ros_msgs/lib/libdepthai_ros_msgs__rosidl_generator_c.so" to ""
[18.854s] -- Installing: /home/michele-zarantonello/BFMC/BRAIN_driveops/luxonis_ws/src/traffic_sign/depthai-ros/install/depthai_ros_msgs/lib/libdepthai_ros_msgs__rosidl_typesupport_fastrtps_c.so
[18.854s] -- Set non-toolchain portion of runtime path of "/home/michele-zarantonello/BFMC/BRAIN_driveops/luxonis_ws/src/traffic_sign/depthai-ros/install/depthai_ros_msgs/lib/libdepthai_ros_msgs__rosidl_typesupport_fastrtps_c.so" to ""
[18.854s] -- Installing: /home/michele-zarantonello/BFMC/BRAIN_driveops/luxonis_ws/src/traffic_sign/depthai-ros/install/depthai_ros_msgs/lib/libdepthai_ros_msgs__rosidl_typesupport_fastrtps_cpp.so
[18.855s] -- Set non-toolchain portion of runtime path of "/home/michele-zarantonello/BFMC/BRAIN_driveops/luxonis_ws/src/traffic_sign/depthai-ros/install/depthai_ros_msgs/lib/libdepthai_ros_msgs__rosidl_typesupport_fastrtps_cpp.so" to ""
[18.855s] -- Installing: /home/michele-zarantonello/BFMC/BRAIN_driveops/luxonis_ws/src/traffic_sign/depthai-ros/install/depthai_ros_msgs/lib/libdepthai_ros_msgs__rosidl_typesupport_introspection_c.so
[18.855s] -- Set non-toolchain portion of runtime path of "/home/michele-zarantonello/BFMC/BRAIN_driveops/luxonis_ws/src/traffic_sign/depthai-ros/install/depthai_ros_msgs/lib/libdepthai_ros_msgs__rosidl_typesupport_introspection_c.so" to ""
[18.855s] -- Installing: /home/michele-zarantonello/BFMC/BRAIN_driveops/luxonis_ws/src/traffic_sign/depthai-ros/install/depthai_ros_msgs/lib/libdepthai_ros_msgs__rosidl_typesupport_c.so
[18.856s] -- Set non-toolchain portion of runtime path of "/home/michele-zarantonello/BFMC/BRAIN_driveops/luxonis_ws/src/traffic_sign/depthai-ros/install/depthai_ros_msgs/lib/libdepthai_ros_msgs__rosidl_typesupport_c.so" to ""
[18.856s] -- Installing: /home/michele-zarantonello/BFMC/BRAIN_driveops/luxonis_ws/src/traffic_sign/depthai-ros/install/depthai_ros_msgs/lib/libdepthai_ros_msgs__rosidl_typesupport_introspection_cpp.so
[18.856s] -- Set non-toolchain portion of runtime path of "/home/michele-zarantonello/BFMC/BRAIN_driveops/luxonis_ws/src/traffic_sign/depthai-ros/install/depthai_ros_msgs/lib/libdepthai_ros_msgs__rosidl_typesupport_introspection_cpp.so" to ""
[18.856s] -- Installing: /home/michele-zarantonello/BFMC/BRAIN_driveops/luxonis_ws/src/traffic_sign/depthai-ros/install/depthai_ros_msgs/lib/libdepthai_ros_msgs__rosidl_typesupport_cpp.so
[18.856s] -- Set non-toolchain portion of runtime path of "/home/michele-zarantonello/BFMC/BRAIN_driveops/luxonis_ws/src/traffic_sign/depthai-ros/install/depthai_ros_msgs/lib/libdepthai_ros_msgs__rosidl_typesupport_cpp.so" to ""
[18.919s] Listing '/home/michele-zarantonello/BFMC/BRAIN_driveops/luxonis_ws/src/traffic_sign/depthai-ros/install/depthai_ros_msgs/lib/python3.12/site-packages/depthai_ros_msgs'...
[18.919s] Compiling '/home/michele-zarantonello/BFMC/BRAIN_driveops/luxonis_ws/src/traffic_sign/depthai-ros/install/depthai_ros_msgs/lib/python3.12/site-packages/depthai_ros_msgs/__init__.py'...
[18.919s] Listing '/home/michele-zarantonello/BFMC/BRAIN_driveops/luxonis_ws/src/traffic_sign/depthai-ros/install/depthai_ros_msgs/lib/python3.12/site-packages/depthai_ros_msgs/msg'...
[18.919s] Compiling '/home/michele-zarantonello/BFMC/BRAIN_driveops/luxonis_ws/src/traffic_sign/depthai-ros/install/depthai_ros_msgs/lib/python3.12/site-packages/depthai_ros_msgs/msg/__init__.py'...
[18.919s] Compiling '/home/michele-zarantonello/BFMC/BRAIN_driveops/luxonis_ws/src/traffic_sign/depthai-ros/install/depthai_ros_msgs/lib/python3.12/site-packages/depthai_ros_msgs/msg/_auto_focus_ctrl.py'...
[18.919s] Compiling '/home/michele-zarantonello/BFMC/BRAIN_driveops/luxonis_ws/src/traffic_sign/depthai-ros/install/depthai_ros_msgs/lib/python3.12/site-packages/depthai_ros_msgs/msg/_hand_landmark.py'...
[18.919s] Compiling '/home/michele-zarantonello/BFMC/BRAIN_driveops/luxonis_ws/src/traffic_sign/depthai-ros/install/depthai_ros_msgs/lib/python3.12/site-packages/depthai_ros_msgs/msg/_hand_landmark_array.py'...
[18.919s] Compiling '/home/michele-zarantonello/BFMC/BRAIN_driveops/luxonis_ws/src/traffic_sign/depthai-ros/install/depthai_ros_msgs/lib/python3.12/site-packages/depthai_ros_msgs/msg/_imu_with_magnetic_field.py'...
[18.919s] Compiling '/home/michele-zarantonello/BFMC/BRAIN_driveops/luxonis_ws/src/traffic_sign/depthai-ros/install/depthai_ros_msgs/lib/python3.12/site-packages/depthai_ros_msgs/msg/_spatial_detection.py'...
[18.919s] Compiling '/home/michele-zarantonello/BFMC/BRAIN_driveops/luxonis_ws/src/traffic_sign/depthai-ros/install/depthai_ros_msgs/lib/python3.12/site-packages/depthai_ros_msgs/msg/_spatial_detection_array.py'...
[18.919s] Compiling '/home/michele-zarantonello/BFMC/BRAIN_driveops/luxonis_ws/src/traffic_sign/depthai-ros/install/depthai_ros_msgs/lib/python3.12/site-packages/depthai_ros_msgs/msg/_track_detection2_d.py'...
[18.919s] Compiling '/home/michele-zarantonello/BFMC/BRAIN_driveops/luxonis_ws/src/traffic_sign/depthai-ros/install/depthai_ros_msgs/lib/python3.12/site-packages/depthai_ros_msgs/msg/_track_detection2_d_array.py'...
[18.919s] Compiling '/home/michele-zarantonello/BFMC/BRAIN_driveops/luxonis_ws/src/traffic_sign/depthai-ros/install/depthai_ros_msgs/lib/python3.12/site-packages/depthai_ros_msgs/msg/_tracked_feature.py'...
[18.919s] Compiling '/home/michele-zarantonello/BFMC/BRAIN_driveops/luxonis_ws/src/traffic_sign/depthai-ros/install/depthai_ros_msgs/lib/python3.12/site-packages/depthai_ros_msgs/msg/_tracked_features.py'...
[18.920s] Listing '/home/michele-zarantonello/BFMC/BRAIN_driveops/luxonis_ws/src/traffic_sign/depthai-ros/install/depthai_ros_msgs/lib/python3.12/site-packages/depthai_ros_msgs/srv'...
[18.920s] Compiling '/home/michele-zarantonello/BFMC/BRAIN_driveops/luxonis_ws/src/traffic_sign/depthai-ros/install/depthai_ros_msgs/lib/python3.12/site-packages/depthai_ros_msgs/srv/__init__.py'...
[18.920s] Compiling '/home/michele-zarantonello/BFMC/BRAIN_driveops/luxonis_ws/src/traffic_sign/depthai-ros/install/depthai_ros_msgs/lib/python3.12/site-packages/depthai_ros_msgs/srv/_normalized_image_crop.py'...
[18.920s] Compiling '/home/michele-zarantonello/BFMC/BRAIN_driveops/luxonis_ws/src/traffic_sign/depthai-ros/install/depthai_ros_msgs/lib/python3.12/site-packages/depthai_ros_msgs/srv/_trigger_named.py'...
[18.924s] -- Installing: /home/michele-zarantonello/BFMC/BRAIN_driveops/luxonis_ws/src/traffic_sign/depthai-ros/install/depthai_ros_msgs/lib/libdepthai_ros_msgs__rosidl_generator_py.so
[18.925s] -- Set non-toolchain portion of runtime path of "/home/michele-zarantonello/BFMC/BRAIN_driveops/luxonis_ws/src/traffic_sign/depthai-ros/install/depthai_ros_msgs/lib/libdepthai_ros_msgs__rosidl_generator_py.so" to ""
[18.925s] -- Installing: /home/michele-zarantonello/BFMC/BRAIN_driveops/luxonis_ws/src/traffic_sign/depthai-ros/install/depthai_ros_msgs/share/depthai_ros_msgs/cmake/export_depthai_ros_msgs__rosidl_generator_cExport.cmake
[18.925s] -- Installing: /home/michele-zarantonello/BFMC/BRAIN_driveops/luxonis_ws/src/traffic_sign/depthai-ros/install/depthai_ros_msgs/share/depthai_ros_msgs/cmake/export_depthai_ros_msgs__rosidl_generator_cExport-noconfig.cmake
[18.925s] -- Installing: /home/michele-zarantonello/BFMC/BRAIN_driveops/luxonis_ws/src/traffic_sign/depthai-ros/install/depthai_ros_msgs/share/depthai_ros_msgs/cmake/export_depthai_ros_msgs__rosidl_typesupport_fastrtps_cExport.cmake
[18.925s] -- Installing: /home/michele-zarantonello/BFMC/BRAIN_driveops/luxonis_ws/src/traffic_sign/depthai-ros/install/depthai_ros_msgs/share/depthai_ros_msgs/cmake/export_depthai_ros_msgs__rosidl_typesupport_fastrtps_cExport-noconfig.cmake
[18.926s] -- Installing: /home/michele-zarantonello/BFMC/BRAIN_driveops/luxonis_ws/src/traffic_sign/depthai-ros/install/depthai_ros_msgs/share/depthai_ros_msgs/cmake/export_depthai_ros_msgs__rosidl_generator_cppExport.cmake
[18.926s] -- Installing: /home/michele-zarantonello/BFMC/BRAIN_driveops/luxonis_ws/src/traffic_sign/depthai-ros/install/depthai_ros_msgs/share/depthai_ros_msgs/cmake/export_depthai_ros_msgs__rosidl_typesupport_fastrtps_cppExport.cmake
[18.926s] -- Installing: /home/michele-zarantonello/BFMC/BRAIN_driveops/luxonis_ws/src/traffic_sign/depthai-ros/install/depthai_ros_msgs/share/depthai_ros_msgs/cmake/export_depthai_ros_msgs__rosidl_typesupport_fastrtps_cppExport-noconfig.cmake
[18.926s] -- Installing: /home/michele-zarantonello/BFMC/BRAIN_driveops/luxonis_ws/src/traffic_sign/depthai-ros/install/depthai_ros_msgs/share/depthai_ros_msgs/cmake/depthai_ros_msgs__rosidl_typesupport_introspection_cExport.cmake
[18.926s] -- Installing: /home/michele-zarantonello/BFMC/BRAIN_driveops/luxonis_ws/src/traffic_sign/depthai-ros/install/depthai_ros_msgs/share/depthai_ros_msgs/cmake/depthai_ros_msgs__rosidl_typesupport_introspection_cExport-noconfig.cmake
[18.926s] -- Installing: /home/michele-zarantonello/BFMC/BRAIN_driveops/luxonis_ws/src/traffic_sign/depthai-ros/install/depthai_ros_msgs/share/depthai_ros_msgs/cmake/depthai_ros_msgs__rosidl_typesupport_cExport.cmake
[18.926s] -- Installing: /home/michele-zarantonello/BFMC/BRAIN_driveops/luxonis_ws/src/traffic_sign/depthai-ros/install/depthai_ros_msgs/share/depthai_ros_msgs/cmake/depthai_ros_msgs__rosidl_typesupport_cExport-noconfig.cmake
[18.926s] -- Installing: /home/michele-zarantonello/BFMC/BRAIN_driveops/luxonis_ws/src/traffic_sign/depthai-ros/install/depthai_ros_msgs/share/depthai_ros_msgs/cmake/depthai_ros_msgs__rosidl_typesupport_introspection_cppExport.cmake
[18.926s] -- Installing: /home/michele-zarantonello/BFMC/BRAIN_driveops/luxonis_ws/src/traffic_sign/depthai-ros/install/depthai_ros_msgs/share/depthai_ros_msgs/cmake/depthai_ros_msgs__rosidl_typesupport_introspection_cppExport-noconfig.cmake
[18.926s] -- Installing: /home/michele-zarantonello/BFMC/BRAIN_driveops/luxonis_ws/src/traffic_sign/depthai-ros/install/depthai_ros_msgs/share/depthai_ros_msgs/cmake/depthai_ros_msgs__rosidl_typesupport_cppExport.cmake
[18.927s] -- Installing: /home/michele-zarantonello/BFMC/BRAIN_driveops/luxonis_ws/src/traffic_sign/depthai-ros/install/depthai_ros_msgs/share/depthai_ros_msgs/cmake/depthai_ros_msgs__rosidl_typesupport_cppExport-noconfig.cmake
[18.927s] -- Installing: /home/michele-zarantonello/BFMC/BRAIN_driveops/luxonis_ws/src/traffic_sign/depthai-ros/install/depthai_ros_msgs/share/depthai_ros_msgs/cmake/export_depthai_ros_msgs__rosidl_generator_pyExport.cmake
[18.927s] -- Installing: /home/michele-zarantonello/BFMC/BRAIN_driveops/luxonis_ws/src/traffic_sign/depthai-ros/install/depthai_ros_msgs/share/depthai_ros_msgs/cmake/export_depthai_ros_msgs__rosidl_generator_pyExport-noconfig.cmake
[18.929s] Invoked command in '/home/michele-zarantonello/BFMC/BRAIN_driveops/luxonis_ws/src/traffic_sign/depthai-ros/build/depthai_ros_msgs' returned '0': CMAKE_PREFIX_PATH=${CMAKE_PREFIX_PATH}:/opt/ros/jazzy DEBUGINFOD_URLS=https://debuginfod.ubuntu.com /usr/bin/cmake --install /home/michele-zarantonello/BFMC/BRAIN_driveops/luxonis_ws/src/traffic_sign/depthai-ros/build/depthai_ros_msgs
