[0.117s] DEBUG:colcon:Command line arguments: ['/usr/bin/colcon', 'build', '--symlink-install', '--cmake-args', '-DMAKE_BUILD_TYPE=Release']
[0.117s] DEBUG:colcon:Parsed command line arguments: Namespace(log_base=None, log_level=None, verb_name='build', build_base='build', install_base='install', merge_install=False, symlink_install=True, test_result_base=None, continue_on_error=False, executor='parallel', parallel_workers=8, event_handlers=None, ignore_user_meta=False, metas=['./colcon.meta'], base_paths=['.'], packages_ignore=None, packages_ignore_regex=None, paths=None, packages_up_to=None, packages_up_to_regex=None, packages_above=None, packages_above_and_dependencies=None, packages_above_depth=None, packages_select_by_dep=None, packages_skip_by_dep=None, packages_skip_up_to=None, packages_select_build_failed=False, packages_skip_build_finished=False, packages_select_test_failures=False, packages_skip_test_passed=False, packages_select=None, packages_skip=None, packages_select_regex=None, packages_skip_regex=None, packages_start=None, packages_end=None, allow_overriding=[], cmake_args=['-DMAKE_BUILD_TYPE=Release'], cmake_target=None, cmake_target_skip_unavailable=False, cmake_clean_cache=False, cmake_clean_first=False, cmake_force_configure=False, ament_cmake_args=None, catkin_cmake_args=None, catkin_skip_building_tests=False, mixin_files=None, mixin=None, verb_parser=<colcon_mixin.mixin.mixin_argument.MixinArgumentDecorator object at 0x7a9cbae6c050>, verb_extension=<colcon_core.verb.build.BuildVerb object at 0x7a9cbafe4650>, main=<bound method BuildVerb.main of <colcon_core.verb.build.BuildVerb object at 0x7a9cbafe4650>>, mixin_verb=('build',))
[0.151s] Level 1:colcon.colcon_core.package_discovery:discover_packages(colcon_meta) check parameters
[0.151s] Level 1:colcon.colcon_core.package_discovery:discover_packages(recursive) check parameters
[0.151s] Level 1:colcon.colcon_core.package_discovery:discover_packages(ignore) check parameters
[0.152s] Level 1:colcon.colcon_core.package_discovery:discover_packages(path) check parameters
[0.152s] Level 1:colcon.colcon_core.package_discovery:discover_packages(colcon_meta) discover
[0.152s] Level 1:colcon.colcon_core.package_discovery:discover_packages(recursive) discover
[0.152s] INFO:colcon.colcon_core.package_discovery:Crawling recursively for packages in '/home/michele-zarantonello/BFMC/BRAIN_driveops/luxonis_ws/src/traffic_sign/depthai-ros'
[0.152s] Level 1:colcon.colcon_core.package_identification:_identify(.) by extensions ['ignore', 'ignore_ament_install']
[0.152s] Level 1:colcon.colcon_core.package_identification:_identify(.) by extension 'ignore'
[0.152s] Level 1:colcon.colcon_core.package_identification:_identify(.) by extension 'ignore_ament_install'
[0.152s] Level 1:colcon.colcon_core.package_identification:_identify(.) by extensions ['colcon_pkg']
[0.152s] Level 1:colcon.colcon_core.package_identification:_identify(.) by extension 'colcon_pkg'
[0.152s] Level 1:colcon.colcon_core.package_identification:_identify(.) by extensions ['colcon_meta']
[0.152s] Level 1:colcon.colcon_core.package_identification:_identify(.) by extension 'colcon_meta'
[0.152s] Level 1:colcon.colcon_core.package_identification:_identify(.) by extensions ['ros']
[0.152s] Level 1:colcon.colcon_core.package_identification:_identify(.) by extension 'ros'
[0.175s] Level 1:colcon.colcon_core.package_identification:_identify(.) by extensions ['cmake', 'python']
[0.175s] Level 1:colcon.colcon_core.package_identification:_identify(.) by extension 'cmake'
[0.175s] Level 1:colcon.colcon_core.package_identification:_identify(.) by extension 'python'
[0.175s] Level 1:colcon.colcon_core.package_identification:_identify(.) by extensions ['python_setup_py']
[0.175s] Level 1:colcon.colcon_core.package_identification:_identify(.) by extension 'python_setup_py'
[0.176s] Level 1:colcon.colcon_core.package_identification:_identify(build) by extensions ['ignore', 'ignore_ament_install']
[0.176s] Level 1:colcon.colcon_core.package_identification:_identify(build) by extension 'ignore'
[0.176s] Level 1:colcon.colcon_core.package_identification:_identify(build) ignored
[0.176s] Level 1:colcon.colcon_core.package_identification:_identify(depthai-ros) by extensions ['ignore', 'ignore_ament_install']
[0.176s] Level 1:colcon.colcon_core.package_identification:_identify(depthai-ros) by extension 'ignore'
[0.176s] Level 1:colcon.colcon_core.package_identification:_identify(depthai-ros) by extension 'ignore_ament_install'
[0.176s] Level 1:colcon.colcon_core.package_identification:_identify(depthai-ros) by extensions ['colcon_pkg']
[0.176s] Level 1:colcon.colcon_core.package_identification:_identify(depthai-ros) by extension 'colcon_pkg'
[0.176s] Level 1:colcon.colcon_core.package_identification:_identify(depthai-ros) by extensions ['colcon_meta']
[0.176s] Level 1:colcon.colcon_core.package_identification:_identify(depthai-ros) by extension 'colcon_meta'
[0.176s] Level 1:colcon.colcon_core.package_identification:_identify(depthai-ros) by extensions ['ros']
[0.176s] Level 1:colcon.colcon_core.package_identification:_identify(depthai-ros) by extension 'ros'
[0.176s] Level 1:colcon.colcon_core.package_identification:_identify(depthai-ros) by extensions ['cmake', 'python']
[0.176s] Level 1:colcon.colcon_core.package_identification:_identify(depthai-ros) by extension 'cmake'
[0.176s] Level 1:colcon.colcon_core.package_identification:_identify(depthai-ros) by extension 'python'
[0.176s] Level 1:colcon.colcon_core.package_identification:_identify(depthai-ros) by extensions ['python_setup_py']
[0.176s] Level 1:colcon.colcon_core.package_identification:_identify(depthai-ros) by extension 'python_setup_py'
[0.177s] Level 1:colcon.colcon_core.package_identification:_identify(depthai-ros/depthai-ros) by extensions ['ignore', 'ignore_ament_install']
[0.177s] Level 1:colcon.colcon_core.package_identification:_identify(depthai-ros/depthai-ros) by extension 'ignore'
[0.177s] Level 1:colcon.colcon_core.package_identification:_identify(depthai-ros/depthai-ros) by extension 'ignore_ament_install'
[0.177s] Level 1:colcon.colcon_core.package_identification:_identify(depthai-ros/depthai-ros) by extensions ['colcon_pkg']
[0.177s] Level 1:colcon.colcon_core.package_identification:_identify(depthai-ros/depthai-ros) by extension 'colcon_pkg'
[0.177s] Level 1:colcon.colcon_core.package_identification:_identify(depthai-ros/depthai-ros) by extensions ['colcon_meta']
[0.177s] Level 1:colcon.colcon_core.package_identification:_identify(depthai-ros/depthai-ros) by extension 'colcon_meta'
[0.177s] Level 1:colcon.colcon_core.package_identification:_identify(depthai-ros/depthai-ros) by extensions ['ros']
[0.177s] Level 1:colcon.colcon_core.package_identification:_identify(depthai-ros/depthai-ros) by extension 'ros'
[0.179s] DEBUG:colcon.colcon_core.package_identification:Package 'depthai-ros/depthai-ros' with type 'ros.ament_cmake' and name 'depthai-ros'
[0.179s] Level 1:colcon.colcon_core.package_identification:_identify(depthai-ros/depthai_bridge) by extensions ['ignore', 'ignore_ament_install']
[0.179s] Level 1:colcon.colcon_core.package_identification:_identify(depthai-ros/depthai_bridge) by extension 'ignore'
[0.179s] Level 1:colcon.colcon_core.package_identification:_identify(depthai-ros/depthai_bridge) by extension 'ignore_ament_install'
[0.179s] Level 1:colcon.colcon_core.package_identification:_identify(depthai-ros/depthai_bridge) by extensions ['colcon_pkg']
[0.179s] Level 1:colcon.colcon_core.package_identification:_identify(depthai-ros/depthai_bridge) by extension 'colcon_pkg'
[0.179s] Level 1:colcon.colcon_core.package_identification:_identify(depthai-ros/depthai_bridge) by extensions ['colcon_meta']
[0.179s] Level 1:colcon.colcon_core.package_identification:_identify(depthai-ros/depthai_bridge) by extension 'colcon_meta'
[0.179s] Level 1:colcon.colcon_core.package_identification:_identify(depthai-ros/depthai_bridge) by extensions ['ros']
[0.179s] Level 1:colcon.colcon_core.package_identification:_identify(depthai-ros/depthai_bridge) by extension 'ros'
[0.181s] DEBUG:colcon.colcon_core.package_identification:Package 'depthai-ros/depthai_bridge' with type 'ros.ament_cmake' and name 'depthai_bridge'
[0.181s] Level 1:colcon.colcon_core.package_identification:_identify(depthai-ros/depthai_descriptions) by extensions ['ignore', 'ignore_ament_install']
[0.181s] Level 1:colcon.colcon_core.package_identification:_identify(depthai-ros/depthai_descriptions) by extension 'ignore'
[0.181s] Level 1:colcon.colcon_core.package_identification:_identify(depthai-ros/depthai_descriptions) by extension 'ignore_ament_install'
[0.181s] Level 1:colcon.colcon_core.package_identification:_identify(depthai-ros/depthai_descriptions) by extensions ['colcon_pkg']
[0.181s] Level 1:colcon.colcon_core.package_identification:_identify(depthai-ros/depthai_descriptions) by extension 'colcon_pkg'
[0.181s] Level 1:colcon.colcon_core.package_identification:_identify(depthai-ros/depthai_descriptions) by extensions ['colcon_meta']
[0.181s] Level 1:colcon.colcon_core.package_identification:_identify(depthai-ros/depthai_descriptions) by extension 'colcon_meta'
[0.181s] Level 1:colcon.colcon_core.package_identification:_identify(depthai-ros/depthai_descriptions) by extensions ['ros']
[0.181s] Level 1:colcon.colcon_core.package_identification:_identify(depthai-ros/depthai_descriptions) by extension 'ros'
[0.182s] DEBUG:colcon.colcon_core.package_identification:Package 'depthai-ros/depthai_descriptions' with type 'ros.ament_cmake' and name 'depthai_descriptions'
[0.182s] Level 1:colcon.colcon_core.package_identification:_identify(depthai-ros/depthai_examples) by extensions ['ignore', 'ignore_ament_install']
[0.182s] Level 1:colcon.colcon_core.package_identification:_identify(depthai-ros/depthai_examples) by extension 'ignore'
[0.182s] Level 1:colcon.colcon_core.package_identification:_identify(depthai-ros/depthai_examples) by extension 'ignore_ament_install'
[0.182s] Level 1:colcon.colcon_core.package_identification:_identify(depthai-ros/depthai_examples) by extensions ['colcon_pkg']
[0.182s] Level 1:colcon.colcon_core.package_identification:_identify(depthai-ros/depthai_examples) by extension 'colcon_pkg'
[0.182s] Level 1:colcon.colcon_core.package_identification:_identify(depthai-ros/depthai_examples) by extensions ['colcon_meta']
[0.182s] Level 1:colcon.colcon_core.package_identification:_identify(depthai-ros/depthai_examples) by extension 'colcon_meta'
[0.182s] Level 1:colcon.colcon_core.package_identification:_identify(depthai-ros/depthai_examples) by extensions ['ros']
[0.182s] Level 1:colcon.colcon_core.package_identification:_identify(depthai-ros/depthai_examples) by extension 'ros'
[0.183s] DEBUG:colcon.colcon_core.package_identification:Package 'depthai-ros/depthai_examples' with type 'ros.ament_cmake' and name 'depthai_examples'
[0.183s] Level 1:colcon.colcon_core.package_identification:_identify(depthai-ros/depthai_filters) by extensions ['ignore', 'ignore_ament_install']
[0.183s] Level 1:colcon.colcon_core.package_identification:_identify(depthai-ros/depthai_filters) by extension 'ignore'
[0.183s] Level 1:colcon.colcon_core.package_identification:_identify(depthai-ros/depthai_filters) by extension 'ignore_ament_install'
[0.184s] Level 1:colcon.colcon_core.package_identification:_identify(depthai-ros/depthai_filters) by extensions ['colcon_pkg']
[0.184s] Level 1:colcon.colcon_core.package_identification:_identify(depthai-ros/depthai_filters) by extension 'colcon_pkg'
[0.184s] Level 1:colcon.colcon_core.package_identification:_identify(depthai-ros/depthai_filters) by extensions ['colcon_meta']
[0.184s] Level 1:colcon.colcon_core.package_identification:_identify(depthai-ros/depthai_filters) by extension 'colcon_meta'
[0.184s] Level 1:colcon.colcon_core.package_identification:_identify(depthai-ros/depthai_filters) by extensions ['ros']
[0.184s] Level 1:colcon.colcon_core.package_identification:_identify(depthai-ros/depthai_filters) by extension 'ros'
[0.184s] DEBUG:colcon.colcon_core.package_identification:Package 'depthai-ros/depthai_filters' with type 'ros.ament_cmake' and name 'depthai_filters'
[0.185s] Level 1:colcon.colcon_core.package_identification:_identify(depthai-ros/depthai_ros_driver) by extensions ['ignore', 'ignore_ament_install']
[0.185s] Level 1:colcon.colcon_core.package_identification:_identify(depthai-ros/depthai_ros_driver) by extension 'ignore'
[0.185s] Level 1:colcon.colcon_core.package_identification:_identify(depthai-ros/depthai_ros_driver) by extension 'ignore_ament_install'
[0.185s] Level 1:colcon.colcon_core.package_identification:_identify(depthai-ros/depthai_ros_driver) by extensions ['colcon_pkg']
[0.185s] Level 1:colcon.colcon_core.package_identification:_identify(depthai-ros/depthai_ros_driver) by extension 'colcon_pkg'
[0.185s] Level 1:colcon.colcon_core.package_identification:_identify(depthai-ros/depthai_ros_driver) by extensions ['colcon_meta']
[0.185s] Level 1:colcon.colcon_core.package_identification:_identify(depthai-ros/depthai_ros_driver) by extension 'colcon_meta'
[0.185s] Level 1:colcon.colcon_core.package_identification:_identify(depthai-ros/depthai_ros_driver) by extensions ['ros']
[0.185s] Level 1:colcon.colcon_core.package_identification:_identify(depthai-ros/depthai_ros_driver) by extension 'ros'
[0.187s] DEBUG:colcon.colcon_core.package_identification:Package 'depthai-ros/depthai_ros_driver' with type 'ros.ament_cmake' and name 'depthai_ros_driver'
[0.187s] Level 1:colcon.colcon_core.package_identification:_identify(depthai-ros/depthai_ros_msgs) by extensions ['ignore', 'ignore_ament_install']
[0.187s] Level 1:colcon.colcon_core.package_identification:_identify(depthai-ros/depthai_ros_msgs) by extension 'ignore'
[0.187s] Level 1:colcon.colcon_core.package_identification:_identify(depthai-ros/depthai_ros_msgs) by extension 'ignore_ament_install'
[0.187s] Level 1:colcon.colcon_core.package_identification:_identify(depthai-ros/depthai_ros_msgs) by extensions ['colcon_pkg']
[0.187s] Level 1:colcon.colcon_core.package_identification:_identify(depthai-ros/depthai_ros_msgs) by extension 'colcon_pkg'
[0.187s] Level 1:colcon.colcon_core.package_identification:_identify(depthai-ros/depthai_ros_msgs) by extensions ['colcon_meta']
[0.187s] Level 1:colcon.colcon_core.package_identification:_identify(depthai-ros/depthai_ros_msgs) by extension 'colcon_meta'
[0.187s] Level 1:colcon.colcon_core.package_identification:_identify(depthai-ros/depthai_ros_msgs) by extensions ['ros']
[0.187s] Level 1:colcon.colcon_core.package_identification:_identify(depthai-ros/depthai_ros_msgs) by extension 'ros'
[0.188s] DEBUG:colcon.colcon_core.package_identification:Package 'depthai-ros/depthai_ros_msgs' with type 'ros.ament_cmake' and name 'depthai_ros_msgs'
[0.188s] Level 1:colcon.colcon_core.package_identification:_identify(install) by extensions ['ignore', 'ignore_ament_install']
[0.188s] Level 1:colcon.colcon_core.package_identification:_identify(install) by extension 'ignore'
[0.188s] Level 1:colcon.colcon_core.package_identification:_identify(install) ignored
[0.188s] Level 1:colcon.colcon_core.package_identification:_identify(log) by extensions ['ignore', 'ignore_ament_install']
[0.188s] Level 1:colcon.colcon_core.package_identification:_identify(log) by extension 'ignore'
[0.188s] Level 1:colcon.colcon_core.package_identification:_identify(log) ignored
[0.188s] Level 1:colcon.colcon_core.package_discovery:discover_packages(recursive) using defaults
[0.188s] Level 1:colcon.colcon_core.package_discovery:discover_packages(ignore) discover
[0.188s] Level 1:colcon.colcon_core.package_discovery:discover_packages(ignore) using defaults
[0.188s] Level 1:colcon.colcon_core.package_discovery:discover_packages(path) discover
[0.188s] Level 1:colcon.colcon_core.package_discovery:discover_packages(path) using defaults
[0.207s] Level 1:colcon.colcon_core.package_discovery:discover_packages(prefix_path) check parameters
[0.207s] Level 1:colcon.colcon_core.package_discovery:discover_packages(prefix_path) discover
[0.210s] DEBUG:colcon.colcon_installed_package_information.package_discovery:Found 481 installed packages in /opt/ros/jazzy
[0.211s] Level 1:colcon.colcon_core.package_discovery:discover_packages(prefix_path) using defaults
[0.286s] Level 5:colcon.colcon_core.verb:set package 'depthai_descriptions' build argument 'cmake_args' from command line to '['-DMAKE_BUILD_TYPE=Release']'
[0.286s] Level 5:colcon.colcon_core.verb:set package 'depthai_descriptions' build argument 'cmake_target' from command line to 'None'
[0.286s] Level 5:colcon.colcon_core.verb:set package 'depthai_descriptions' build argument 'cmake_target_skip_unavailable' from command line to 'False'
[0.286s] Level 5:colcon.colcon_core.verb:set package 'depthai_descriptions' build argument 'cmake_clean_cache' from command line to 'False'
[0.286s] Level 5:colcon.colcon_core.verb:set package 'depthai_descriptions' build argument 'cmake_clean_first' from command line to 'False'
[0.286s] Level 5:colcon.colcon_core.verb:set package 'depthai_descriptions' build argument 'cmake_force_configure' from command line to 'False'
[0.286s] Level 5:colcon.colcon_core.verb:set package 'depthai_descriptions' build argument 'ament_cmake_args' from command line to 'None'
[0.286s] Level 5:colcon.colcon_core.verb:set package 'depthai_descriptions' build argument 'catkin_cmake_args' from command line to 'None'
[0.287s] Level 5:colcon.colcon_core.verb:set package 'depthai_descriptions' build argument 'catkin_skip_building_tests' from command line to 'False'
[0.287s] DEBUG:colcon.colcon_core.verb:Building package 'depthai_descriptions' with the following arguments: {'ament_cmake_args': None, 'build_base': '/home/michele-zarantonello/BFMC/BRAIN_driveops/luxonis_ws/src/traffic_sign/depthai-ros/build/depthai_descriptions', 'catkin_cmake_args': None, 'catkin_skip_building_tests': False, 'cmake_args': ['-DMAKE_BUILD_TYPE=Release'], 'cmake_clean_cache': False, 'cmake_clean_first': False, 'cmake_force_configure': False, 'cmake_target': None, 'cmake_target_skip_unavailable': False, 'install_base': '/home/michele-zarantonello/BFMC/BRAIN_driveops/luxonis_ws/src/traffic_sign/depthai-ros/install/depthai_descriptions', 'merge_install': False, 'path': '/home/michele-zarantonello/BFMC/BRAIN_driveops/luxonis_ws/src/traffic_sign/depthai-ros/depthai-ros/depthai_descriptions', 'symlink_install': True, 'test_result_base': None}
[0.287s] Level 5:colcon.colcon_core.verb:set package 'depthai_ros_msgs' build argument 'cmake_args' from command line to '['-DMAKE_BUILD_TYPE=Release']'
[0.287s] Level 5:colcon.colcon_core.verb:set package 'depthai_ros_msgs' build argument 'cmake_target' from command line to 'None'
[0.287s] Level 5:colcon.colcon_core.verb:set package 'depthai_ros_msgs' build argument 'cmake_target_skip_unavailable' from command line to 'False'
[0.287s] Level 5:colcon.colcon_core.verb:set package 'depthai_ros_msgs' build argument 'cmake_clean_cache' from command line to 'False'
[0.287s] Level 5:colcon.colcon_core.verb:set package 'depthai_ros_msgs' build argument 'cmake_clean_first' from command line to 'False'
[0.287s] Level 5:colcon.colcon_core.verb:set package 'depthai_ros_msgs' build argument 'cmake_force_configure' from command line to 'False'
[0.287s] Level 5:colcon.colcon_core.verb:set package 'depthai_ros_msgs' build argument 'ament_cmake_args' from command line to 'None'
[0.287s] Level 5:colcon.colcon_core.verb:set package 'depthai_ros_msgs' build argument 'catkin_cmake_args' from command line to 'None'
[0.287s] Level 5:colcon.colcon_core.verb:set package 'depthai_ros_msgs' build argument 'catkin_skip_building_tests' from command line to 'False'
[0.287s] DEBUG:colcon.colcon_core.verb:Building package 'depthai_ros_msgs' with the following arguments: {'ament_cmake_args': None, 'build_base': '/home/michele-zarantonello/BFMC/BRAIN_driveops/luxonis_ws/src/traffic_sign/depthai-ros/build/depthai_ros_msgs', 'catkin_cmake_args': None, 'catkin_skip_building_tests': False, 'cmake_args': ['-DMAKE_BUILD_TYPE=Release'], 'cmake_clean_cache': False, 'cmake_clean_first': False, 'cmake_force_configure': False, 'cmake_target': None, 'cmake_target_skip_unavailable': False, 'install_base': '/home/michele-zarantonello/BFMC/BRAIN_driveops/luxonis_ws/src/traffic_sign/depthai-ros/install/depthai_ros_msgs', 'merge_install': False, 'path': '/home/michele-zarantonello/BFMC/BRAIN_driveops/luxonis_ws/src/traffic_sign/depthai-ros/depthai-ros/depthai_ros_msgs', 'symlink_install': True, 'test_result_base': None}
[0.287s] Level 5:colcon.colcon_core.verb:set package 'depthai_bridge' build argument 'cmake_args' from command line to '['-DMAKE_BUILD_TYPE=Release']'
[0.287s] Level 5:colcon.colcon_core.verb:set package 'depthai_bridge' build argument 'cmake_target' from command line to 'None'
[0.287s] Level 5:colcon.colcon_core.verb:set package 'depthai_bridge' build argument 'cmake_target_skip_unavailable' from command line to 'False'
[0.287s] Level 5:colcon.colcon_core.verb:set package 'depthai_bridge' build argument 'cmake_clean_cache' from command line to 'False'
[0.287s] Level 5:colcon.colcon_core.verb:set package 'depthai_bridge' build argument 'cmake_clean_first' from command line to 'False'
[0.287s] Level 5:colcon.colcon_core.verb:set package 'depthai_bridge' build argument 'cmake_force_configure' from command line to 'False'
[0.287s] Level 5:colcon.colcon_core.verb:set package 'depthai_bridge' build argument 'ament_cmake_args' from command line to 'None'
[0.287s] Level 5:colcon.colcon_core.verb:set package 'depthai_bridge' build argument 'catkin_cmake_args' from command line to 'None'
[0.287s] Level 5:colcon.colcon_core.verb:set package 'depthai_bridge' build argument 'catkin_skip_building_tests' from command line to 'False'
[0.288s] DEBUG:colcon.colcon_core.verb:Building package 'depthai_bridge' with the following arguments: {'ament_cmake_args': None, 'build_base': '/home/michele-zarantonello/BFMC/BRAIN_driveops/luxonis_ws/src/traffic_sign/depthai-ros/build/depthai_bridge', 'catkin_cmake_args': None, 'catkin_skip_building_tests': False, 'cmake_args': ['-DMAKE_BUILD_TYPE=Release'], 'cmake_clean_cache': False, 'cmake_clean_first': False, 'cmake_force_configure': False, 'cmake_target': None, 'cmake_target_skip_unavailable': False, 'install_base': '/home/michele-zarantonello/BFMC/BRAIN_driveops/luxonis_ws/src/traffic_sign/depthai-ros/install/depthai_bridge', 'merge_install': False, 'path': '/home/michele-zarantonello/BFMC/BRAIN_driveops/luxonis_ws/src/traffic_sign/depthai-ros/depthai-ros/depthai_bridge', 'symlink_install': True, 'test_result_base': None}
[0.288s] Level 5:colcon.colcon_core.verb:set package 'depthai_filters' build argument 'cmake_args' from command line to '['-DMAKE_BUILD_TYPE=Release']'
[0.288s] Level 5:colcon.colcon_core.verb:set package 'depthai_filters' build argument 'cmake_target' from command line to 'None'
[0.288s] Level 5:colcon.colcon_core.verb:set package 'depthai_filters' build argument 'cmake_target_skip_unavailable' from command line to 'False'
[0.288s] Level 5:colcon.colcon_core.verb:set package 'depthai_filters' build argument 'cmake_clean_cache' from command line to 'False'
[0.288s] Level 5:colcon.colcon_core.verb:set package 'depthai_filters' build argument 'cmake_clean_first' from command line to 'False'
[0.288s] Level 5:colcon.colcon_core.verb:set package 'depthai_filters' build argument 'cmake_force_configure' from command line to 'False'
[0.288s] Level 5:colcon.colcon_core.verb:set package 'depthai_filters' build argument 'ament_cmake_args' from command line to 'None'
[0.288s] Level 5:colcon.colcon_core.verb:set package 'depthai_filters' build argument 'catkin_cmake_args' from command line to 'None'
[0.288s] Level 5:colcon.colcon_core.verb:set package 'depthai_filters' build argument 'catkin_skip_building_tests' from command line to 'False'
[0.288s] DEBUG:colcon.colcon_core.verb:Building package 'depthai_filters' with the following arguments: {'ament_cmake_args': None, 'build_base': '/home/michele-zarantonello/BFMC/BRAIN_driveops/luxonis_ws/src/traffic_sign/depthai-ros/build/depthai_filters', 'catkin_cmake_args': None, 'catkin_skip_building_tests': False, 'cmake_args': ['-DMAKE_BUILD_TYPE=Release'], 'cmake_clean_cache': False, 'cmake_clean_first': False, 'cmake_force_configure': False, 'cmake_target': None, 'cmake_target_skip_unavailable': False, 'install_base': '/home/michele-zarantonello/BFMC/BRAIN_driveops/luxonis_ws/src/traffic_sign/depthai-ros/install/depthai_filters', 'merge_install': False, 'path': '/home/michele-zarantonello/BFMC/BRAIN_driveops/luxonis_ws/src/traffic_sign/depthai-ros/depthai-ros/depthai_filters', 'symlink_install': True, 'test_result_base': None}
[0.288s] Level 5:colcon.colcon_core.verb:set package 'depthai_examples' build argument 'cmake_args' from command line to '['-DMAKE_BUILD_TYPE=Release']'
[0.288s] Level 5:colcon.colcon_core.verb:set package 'depthai_examples' build argument 'cmake_target' from command line to 'None'
[0.288s] Level 5:colcon.colcon_core.verb:set package 'depthai_examples' build argument 'cmake_target_skip_unavailable' from command line to 'False'
[0.288s] Level 5:colcon.colcon_core.verb:set package 'depthai_examples' build argument 'cmake_clean_cache' from command line to 'False'
[0.288s] Level 5:colcon.colcon_core.verb:set package 'depthai_examples' build argument 'cmake_clean_first' from command line to 'False'
[0.288s] Level 5:colcon.colcon_core.verb:set package 'depthai_examples' build argument 'cmake_force_configure' from command line to 'False'
[0.288s] Level 5:colcon.colcon_core.verb:set package 'depthai_examples' build argument 'ament_cmake_args' from command line to 'None'
[0.288s] Level 5:colcon.colcon_core.verb:set package 'depthai_examples' build argument 'catkin_cmake_args' from command line to 'None'
[0.288s] Level 5:colcon.colcon_core.verb:set package 'depthai_examples' build argument 'catkin_skip_building_tests' from command line to 'False'
[0.288s] DEBUG:colcon.colcon_core.verb:Building package 'depthai_examples' with the following arguments: {'ament_cmake_args': None, 'build_base': '/home/michele-zarantonello/BFMC/BRAIN_driveops/luxonis_ws/src/traffic_sign/depthai-ros/build/depthai_examples', 'catkin_cmake_args': None, 'catkin_skip_building_tests': False, 'cmake_args': ['-DMAKE_BUILD_TYPE=Release'], 'cmake_clean_cache': False, 'cmake_clean_first': False, 'cmake_force_configure': False, 'cmake_target': None, 'cmake_target_skip_unavailable': False, 'install_base': '/home/michele-zarantonello/BFMC/BRAIN_driveops/luxonis_ws/src/traffic_sign/depthai-ros/install/depthai_examples', 'merge_install': False, 'path': '/home/michele-zarantonello/BFMC/BRAIN_driveops/luxonis_ws/src/traffic_sign/depthai-ros/depthai-ros/depthai_examples', 'symlink_install': True, 'test_result_base': None}
[0.289s] Level 5:colcon.colcon_core.verb:set package 'depthai_ros_driver' build argument 'cmake_args' from command line to '['-DMAKE_BUILD_TYPE=Release']'
[0.289s] Level 5:colcon.colcon_core.verb:set package 'depthai_ros_driver' build argument 'cmake_target' from command line to 'None'
[0.289s] Level 5:colcon.colcon_core.verb:set package 'depthai_ros_driver' build argument 'cmake_target_skip_unavailable' from command line to 'False'
[0.289s] Level 5:colcon.colcon_core.verb:set package 'depthai_ros_driver' build argument 'cmake_clean_cache' from command line to 'False'
[0.289s] Level 5:colcon.colcon_core.verb:set package 'depthai_ros_driver' build argument 'cmake_clean_first' from command line to 'False'
[0.289s] Level 5:colcon.colcon_core.verb:set package 'depthai_ros_driver' build argument 'cmake_force_configure' from command line to 'False'
[0.289s] Level 5:colcon.colcon_core.verb:set package 'depthai_ros_driver' build argument 'ament_cmake_args' from command line to 'None'
[0.289s] Level 5:colcon.colcon_core.verb:set package 'depthai_ros_driver' build argument 'catkin_cmake_args' from command line to 'None'
[0.289s] Level 5:colcon.colcon_core.verb:set package 'depthai_ros_driver' build argument 'catkin_skip_building_tests' from command line to 'False'
[0.289s] DEBUG:colcon.colcon_core.verb:Building package 'depthai_ros_driver' with the following arguments: {'ament_cmake_args': None, 'build_base': '/home/michele-zarantonello/BFMC/BRAIN_driveops/luxonis_ws/src/traffic_sign/depthai-ros/build/depthai_ros_driver', 'catkin_cmake_args': None, 'catkin_skip_building_tests': False, 'cmake_args': ['-DMAKE_BUILD_TYPE=Release'], 'cmake_clean_cache': False, 'cmake_clean_first': False, 'cmake_force_configure': False, 'cmake_target': None, 'cmake_target_skip_unavailable': False, 'install_base': '/home/michele-zarantonello/BFMC/BRAIN_driveops/luxonis_ws/src/traffic_sign/depthai-ros/install/depthai_ros_driver', 'merge_install': False, 'path': '/home/michele-zarantonello/BFMC/BRAIN_driveops/luxonis_ws/src/traffic_sign/depthai-ros/depthai-ros/depthai_ros_driver', 'symlink_install': True, 'test_result_base': None}
[0.289s] Level 5:colcon.colcon_core.verb:set package 'depthai-ros' build argument 'cmake_args' from command line to '['-DMAKE_BUILD_TYPE=Release']'
[0.289s] Level 5:colcon.colcon_core.verb:set package 'depthai-ros' build argument 'cmake_target' from command line to 'None'
[0.289s] Level 5:colcon.colcon_core.verb:set package 'depthai-ros' build argument 'cmake_target_skip_unavailable' from command line to 'False'
[0.289s] Level 5:colcon.colcon_core.verb:set package 'depthai-ros' build argument 'cmake_clean_cache' from command line to 'False'
[0.289s] Level 5:colcon.colcon_core.verb:set package 'depthai-ros' build argument 'cmake_clean_first' from command line to 'False'
[0.289s] Level 5:colcon.colcon_core.verb:set package 'depthai-ros' build argument 'cmake_force_configure' from command line to 'False'
[0.289s] Level 5:colcon.colcon_core.verb:set package 'depthai-ros' build argument 'ament_cmake_args' from command line to 'None'
[0.289s] Level 5:colcon.colcon_core.verb:set package 'depthai-ros' build argument 'catkin_cmake_args' from command line to 'None'
[0.289s] Level 5:colcon.colcon_core.verb:set package 'depthai-ros' build argument 'catkin_skip_building_tests' from command line to 'False'
[0.289s] DEBUG:colcon.colcon_core.verb:Building package 'depthai-ros' with the following arguments: {'ament_cmake_args': None, 'build_base': '/home/michele-zarantonello/BFMC/BRAIN_driveops/luxonis_ws/src/traffic_sign/depthai-ros/build/depthai-ros', 'catkin_cmake_args': None, 'catkin_skip_building_tests': False, 'cmake_args': ['-DMAKE_BUILD_TYPE=Release'], 'cmake_clean_cache': False, 'cmake_clean_first': False, 'cmake_force_configure': False, 'cmake_target': None, 'cmake_target_skip_unavailable': False, 'install_base': '/home/michele-zarantonello/BFMC/BRAIN_driveops/luxonis_ws/src/traffic_sign/depthai-ros/install/depthai-ros', 'merge_install': False, 'path': '/home/michele-zarantonello/BFMC/BRAIN_driveops/luxonis_ws/src/traffic_sign/depthai-ros/depthai-ros/depthai-ros', 'symlink_install': True, 'test_result_base': None}
[0.289s] INFO:colcon.colcon_core.executor:Executing jobs using 'parallel' executor
[0.290s] DEBUG:colcon.colcon_parallel_executor.executor.parallel:run_until_complete
[0.290s] INFO:colcon.colcon_ros.task.ament_cmake.build:Building ROS package in '/home/michele-zarantonello/BFMC/BRAIN_driveops/luxonis_ws/src/traffic_sign/depthai-ros/depthai-ros/depthai_ros_msgs' with build type 'ament_cmake'
[0.290s] INFO:colcon.colcon_cmake.task.cmake.build:Building CMake package in '/home/michele-zarantonello/BFMC/BRAIN_driveops/luxonis_ws/src/traffic_sign/depthai-ros/depthai-ros/depthai_ros_msgs'
[0.292s] INFO:colcon.colcon_core.plugin_system:Skipping extension 'colcon_core.shell.bat': Not used on non-Windows systems
[0.292s] INFO:colcon.colcon_core.shell:Skip shell extension 'powershell' for command environment: Not usable outside of PowerShell
[0.292s] DEBUG:colcon.colcon_core.shell:Skip shell extension 'dsv' for command environment
[0.296s] INFO:colcon.colcon_ros.task.ament_cmake.build:Building ROS package in '/home/michele-zarantonello/BFMC/BRAIN_driveops/luxonis_ws/src/traffic_sign/depthai-ros/depthai-ros/depthai_descriptions' with build type 'ament_cmake'
[0.296s] INFO:colcon.colcon_cmake.task.cmake.build:Building CMake package in '/home/michele-zarantonello/BFMC/BRAIN_driveops/luxonis_ws/src/traffic_sign/depthai-ros/depthai-ros/depthai_descriptions'
[0.296s] INFO:colcon.colcon_core.shell:Skip shell extension 'powershell' for command environment: Not usable outside of PowerShell
[0.296s] DEBUG:colcon.colcon_core.shell:Skip shell extension 'dsv' for command environment
[0.304s] DEBUG:colcon.colcon_core.event_handler.log_command:Invoking command in '/home/michele-zarantonello/BFMC/BRAIN_driveops/luxonis_ws/src/traffic_sign/depthai-ros/build/depthai_ros_msgs': CMAKE_PREFIX_PATH=${CMAKE_PREFIX_PATH}:/opt/ros/jazzy DEBUGINFOD_URLS=https://debuginfod.ubuntu.com /usr/bin/cmake /home/michele-zarantonello/BFMC/BRAIN_driveops/luxonis_ws/src/traffic_sign/depthai-ros/depthai-ros/depthai_ros_msgs -DMAKE_BUILD_TYPE=Release -DAMENT_CMAKE_SYMLINK_INSTALL=1 -DCMAKE_INSTALL_PREFIX=/home/michele-zarantonello/BFMC/BRAIN_driveops/luxonis_ws/src/traffic_sign/depthai-ros/install/depthai_ros_msgs
[0.310s] DEBUG:colcon.colcon_core.event_handler.log_command:Invoking command in '/home/michele-zarantonello/BFMC/BRAIN_driveops/luxonis_ws/src/traffic_sign/depthai-ros/build/depthai_descriptions': CMAKE_PREFIX_PATH=${CMAKE_PREFIX_PATH}:/opt/ros/jazzy DEBUGINFOD_URLS=https://debuginfod.ubuntu.com /usr/bin/cmake /home/michele-zarantonello/BFMC/BRAIN_driveops/luxonis_ws/src/traffic_sign/depthai-ros/depthai-ros/depthai_descriptions -DMAKE_BUILD_TYPE=Release -DAMENT_CMAKE_SYMLINK_INSTALL=1 -DCMAKE_INSTALL_PREFIX=/home/michele-zarantonello/BFMC/BRAIN_driveops/luxonis_ws/src/traffic_sign/depthai-ros/install/depthai_descriptions
[1.090s] DEBUG:colcon.colcon_core.event_handler.log_command:Invoked command in '/home/michele-zarantonello/BFMC/BRAIN_driveops/luxonis_ws/src/traffic_sign/depthai-ros/build/depthai_descriptions' returned '0': CMAKE_PREFIX_PATH=${CMAKE_PREFIX_PATH}:/opt/ros/jazzy DEBUGINFOD_URLS=https://debuginfod.ubuntu.com /usr/bin/cmake /home/michele-zarantonello/BFMC/BRAIN_driveops/luxonis_ws/src/traffic_sign/depthai-ros/depthai-ros/depthai_descriptions -DMAKE_BUILD_TYPE=Release -DAMENT_CMAKE_SYMLINK_INSTALL=1 -DCMAKE_INSTALL_PREFIX=/home/michele-zarantonello/BFMC/BRAIN_driveops/luxonis_ws/src/traffic_sign/depthai-ros/install/depthai_descriptions
[1.091s] DEBUG:colcon.colcon_core.event_handler.log_command:Invoking command in '/home/michele-zarantonello/BFMC/BRAIN_driveops/luxonis_ws/src/traffic_sign/depthai-ros/build/depthai_descriptions': CMAKE_PREFIX_PATH=${CMAKE_PREFIX_PATH}:/opt/ros/jazzy DEBUGINFOD_URLS=https://debuginfod.ubuntu.com /usr/bin/cmake --build /home/michele-zarantonello/BFMC/BRAIN_driveops/luxonis_ws/src/traffic_sign/depthai-ros/build/depthai_descriptions -- -j8 -l8
[1.132s] DEBUG:colcon.colcon_core.event_handler.log_command:Invoked command in '/home/michele-zarantonello/BFMC/BRAIN_driveops/luxonis_ws/src/traffic_sign/depthai-ros/build/depthai_descriptions' returned '0': CMAKE_PREFIX_PATH=${CMAKE_PREFIX_PATH}:/opt/ros/jazzy DEBUGINFOD_URLS=https://debuginfod.ubuntu.com /usr/bin/cmake --build /home/michele-zarantonello/BFMC/BRAIN_driveops/luxonis_ws/src/traffic_sign/depthai-ros/build/depthai_descriptions -- -j8 -l8
[1.141s] DEBUG:colcon.colcon_core.event_handler.log_command:Invoking command in '/home/michele-zarantonello/BFMC/BRAIN_driveops/luxonis_ws/src/traffic_sign/depthai-ros/build/depthai_descriptions': CMAKE_PREFIX_PATH=${CMAKE_PREFIX_PATH}:/opt/ros/jazzy DEBUGINFOD_URLS=https://debuginfod.ubuntu.com /usr/bin/cmake --install /home/michele-zarantonello/BFMC/BRAIN_driveops/luxonis_ws/src/traffic_sign/depthai-ros/build/depthai_descriptions
[1.470s] Level 1:colcon.colcon_core.environment:create_environment_scripts_only(depthai_descriptions)
[1.470s] DEBUG:colcon.colcon_core.event_handler.log_command:Invoked command in '/home/michele-zarantonello/BFMC/BRAIN_driveops/luxonis_ws/src/traffic_sign/depthai-ros/build/depthai_descriptions' returned '0': CMAKE_PREFIX_PATH=${CMAKE_PREFIX_PATH}:/opt/ros/jazzy DEBUGINFOD_URLS=https://debuginfod.ubuntu.com /usr/bin/cmake --install /home/michele-zarantonello/BFMC/BRAIN_driveops/luxonis_ws/src/traffic_sign/depthai-ros/build/depthai_descriptions
[1.472s] Level 1:colcon.colcon_core.environment:checking '/home/michele-zarantonello/BFMC/BRAIN_driveops/luxonis_ws/src/traffic_sign/depthai-ros/install/depthai_descriptions' for CMake module files
[1.472s] Level 1:colcon.colcon_core.environment:checking '/home/michele-zarantonello/BFMC/BRAIN_driveops/luxonis_ws/src/traffic_sign/depthai-ros/install/depthai_descriptions' for CMake config files
[1.473s] Level 1:colcon.colcon_core.shell:create_environment_hook('depthai_descriptions', 'cmake_prefix_path')
[1.473s] INFO:colcon.colcon_core.shell:Creating environment hook '/home/michele-zarantonello/BFMC/BRAIN_driveops/luxonis_ws/src/traffic_sign/depthai-ros/install/depthai_descriptions/share/depthai_descriptions/hook/cmake_prefix_path.ps1'
[1.473s] INFO:colcon.colcon_core.shell:Creating environment descriptor '/home/michele-zarantonello/BFMC/BRAIN_driveops/luxonis_ws/src/traffic_sign/depthai-ros/install/depthai_descriptions/share/depthai_descriptions/hook/cmake_prefix_path.dsv'
[1.474s] INFO:colcon.colcon_core.shell:Creating environment hook '/home/michele-zarantonello/BFMC/BRAIN_driveops/luxonis_ws/src/traffic_sign/depthai-ros/install/depthai_descriptions/share/depthai_descriptions/hook/cmake_prefix_path.sh'
[1.475s] Level 1:colcon.colcon_core.environment:checking '/home/michele-zarantonello/BFMC/BRAIN_driveops/luxonis_ws/src/traffic_sign/depthai-ros/install/depthai_descriptions/bin'
[1.475s] Level 1:colcon.colcon_core.environment:checking '/home/michele-zarantonello/BFMC/BRAIN_driveops/luxonis_ws/src/traffic_sign/depthai-ros/install/depthai_descriptions/lib/pkgconfig/depthai_descriptions.pc'
[1.475s] Level 1:colcon.colcon_core.environment:checking '/home/michele-zarantonello/BFMC/BRAIN_driveops/luxonis_ws/src/traffic_sign/depthai-ros/install/depthai_descriptions/lib/python3.12/site-packages'
[1.475s] Level 1:colcon.colcon_core.environment:checking '/home/michele-zarantonello/BFMC/BRAIN_driveops/luxonis_ws/src/traffic_sign/depthai-ros/install/depthai_descriptions/bin'
[1.475s] INFO:colcon.colcon_core.shell:Creating package script '/home/michele-zarantonello/BFMC/BRAIN_driveops/luxonis_ws/src/traffic_sign/depthai-ros/install/depthai_descriptions/share/depthai_descriptions/package.ps1'
[1.476s] INFO:colcon.colcon_core.shell:Creating package descriptor '/home/michele-zarantonello/BFMC/BRAIN_driveops/luxonis_ws/src/traffic_sign/depthai-ros/install/depthai_descriptions/share/depthai_descriptions/package.dsv'
[1.476s] INFO:colcon.colcon_core.shell:Creating package script '/home/michele-zarantonello/BFMC/BRAIN_driveops/luxonis_ws/src/traffic_sign/depthai-ros/install/depthai_descriptions/share/depthai_descriptions/package.sh'
[1.477s] INFO:colcon.colcon_core.shell:Creating package script '/home/michele-zarantonello/BFMC/BRAIN_driveops/luxonis_ws/src/traffic_sign/depthai-ros/install/depthai_descriptions/share/depthai_descriptions/package.bash'
[1.478s] INFO:colcon.colcon_core.shell:Creating package script '/home/michele-zarantonello/BFMC/BRAIN_driveops/luxonis_ws/src/traffic_sign/depthai-ros/install/depthai_descriptions/share/depthai_descriptions/package.zsh'
[1.478s] Level 1:colcon.colcon_core.environment:create_file_with_runtime_dependencies(/home/michele-zarantonello/BFMC/BRAIN_driveops/luxonis_ws/src/traffic_sign/depthai-ros/install/depthai_descriptions/share/colcon-core/packages/depthai_descriptions)
[1.479s] Level 1:colcon.colcon_core.environment:create_environment_scripts_only(depthai_descriptions)
[1.479s] Level 1:colcon.colcon_core.environment:checking '/home/michele-zarantonello/BFMC/BRAIN_driveops/luxonis_ws/src/traffic_sign/depthai-ros/install/depthai_descriptions' for CMake module files
[1.479s] Level 1:colcon.colcon_core.environment:checking '/home/michele-zarantonello/BFMC/BRAIN_driveops/luxonis_ws/src/traffic_sign/depthai-ros/install/depthai_descriptions' for CMake config files
[1.479s] Level 1:colcon.colcon_core.shell:create_environment_hook('depthai_descriptions', 'cmake_prefix_path')
[1.480s] INFO:colcon.colcon_core.shell:Creating environment hook '/home/michele-zarantonello/BFMC/BRAIN_driveops/luxonis_ws/src/traffic_sign/depthai-ros/install/depthai_descriptions/share/depthai_descriptions/hook/cmake_prefix_path.ps1'
[1.480s] INFO:colcon.colcon_core.shell:Creating environment descriptor '/home/michele-zarantonello/BFMC/BRAIN_driveops/luxonis_ws/src/traffic_sign/depthai-ros/install/depthai_descriptions/share/depthai_descriptions/hook/cmake_prefix_path.dsv'
[1.480s] INFO:colcon.colcon_core.shell:Creating environment hook '/home/michele-zarantonello/BFMC/BRAIN_driveops/luxonis_ws/src/traffic_sign/depthai-ros/install/depthai_descriptions/share/depthai_descriptions/hook/cmake_prefix_path.sh'
[1.481s] Level 1:colcon.colcon_core.environment:checking '/home/michele-zarantonello/BFMC/BRAIN_driveops/luxonis_ws/src/traffic_sign/depthai-ros/install/depthai_descriptions/bin'
[1.481s] Level 1:colcon.colcon_core.environment:checking '/home/michele-zarantonello/BFMC/BRAIN_driveops/luxonis_ws/src/traffic_sign/depthai-ros/install/depthai_descriptions/lib/pkgconfig/depthai_descriptions.pc'
[1.481s] Level 1:colcon.colcon_core.environment:checking '/home/michele-zarantonello/BFMC/BRAIN_driveops/luxonis_ws/src/traffic_sign/depthai-ros/install/depthai_descriptions/lib/python3.12/site-packages'
[1.481s] Level 1:colcon.colcon_core.environment:checking '/home/michele-zarantonello/BFMC/BRAIN_driveops/luxonis_ws/src/traffic_sign/depthai-ros/install/depthai_descriptions/bin'
[1.481s] INFO:colcon.colcon_core.shell:Creating package script '/home/michele-zarantonello/BFMC/BRAIN_driveops/luxonis_ws/src/traffic_sign/depthai-ros/install/depthai_descriptions/share/depthai_descriptions/package.ps1'
[1.482s] INFO:colcon.colcon_core.shell:Creating package descriptor '/home/michele-zarantonello/BFMC/BRAIN_driveops/luxonis_ws/src/traffic_sign/depthai-ros/install/depthai_descriptions/share/depthai_descriptions/package.dsv'
[1.482s] INFO:colcon.colcon_core.shell:Creating package script '/home/michele-zarantonello/BFMC/BRAIN_driveops/luxonis_ws/src/traffic_sign/depthai-ros/install/depthai_descriptions/share/depthai_descriptions/package.sh'
[1.483s] INFO:colcon.colcon_core.shell:Creating package script '/home/michele-zarantonello/BFMC/BRAIN_driveops/luxonis_ws/src/traffic_sign/depthai-ros/install/depthai_descriptions/share/depthai_descriptions/package.bash'
[1.483s] INFO:colcon.colcon_core.shell:Creating package script '/home/michele-zarantonello/BFMC/BRAIN_driveops/luxonis_ws/src/traffic_sign/depthai-ros/install/depthai_descriptions/share/depthai_descriptions/package.zsh'
[1.483s] Level 1:colcon.colcon_core.environment:create_file_with_runtime_dependencies(/home/michele-zarantonello/BFMC/BRAIN_driveops/luxonis_ws/src/traffic_sign/depthai-ros/install/depthai_descriptions/share/colcon-core/packages/depthai_descriptions)
[4.191s] DEBUG:colcon.colcon_core.event_handler.log_command:Invoked command in '/home/michele-zarantonello/BFMC/BRAIN_driveops/luxonis_ws/src/traffic_sign/depthai-ros/build/depthai_ros_msgs' returned '0': CMAKE_PREFIX_PATH=${CMAKE_PREFIX_PATH}:/opt/ros/jazzy DEBUGINFOD_URLS=https://debuginfod.ubuntu.com /usr/bin/cmake /home/michele-zarantonello/BFMC/BRAIN_driveops/luxonis_ws/src/traffic_sign/depthai-ros/depthai-ros/depthai_ros_msgs -DMAKE_BUILD_TYPE=Release -DAMENT_CMAKE_SYMLINK_INSTALL=1 -DCMAKE_INSTALL_PREFIX=/home/michele-zarantonello/BFMC/BRAIN_driveops/luxonis_ws/src/traffic_sign/depthai-ros/install/depthai_ros_msgs
[4.191s] DEBUG:colcon.colcon_core.event_handler.log_command:Invoking command in '/home/michele-zarantonello/BFMC/BRAIN_driveops/luxonis_ws/src/traffic_sign/depthai-ros/build/depthai_ros_msgs': CMAKE_PREFIX_PATH=${CMAKE_PREFIX_PATH}:/opt/ros/jazzy DEBUGINFOD_URLS=https://debuginfod.ubuntu.com /usr/bin/cmake --build /home/michele-zarantonello/BFMC/BRAIN_driveops/luxonis_ws/src/traffic_sign/depthai-ros/build/depthai_ros_msgs -- -j8 -l8
[16.887s] DEBUG:colcon.colcon_core.event_handler.log_command:Invoked command in '/home/michele-zarantonello/BFMC/BRAIN_driveops/luxonis_ws/src/traffic_sign/depthai-ros/build/depthai_ros_msgs' returned '0': CMAKE_PREFIX_PATH=${CMAKE_PREFIX_PATH}:/opt/ros/jazzy DEBUGINFOD_URLS=https://debuginfod.ubuntu.com /usr/bin/cmake --build /home/michele-zarantonello/BFMC/BRAIN_driveops/luxonis_ws/src/traffic_sign/depthai-ros/build/depthai_ros_msgs -- -j8 -l8
[16.889s] DEBUG:colcon.colcon_core.event_handler.log_command:Invoking command in '/home/michele-zarantonello/BFMC/BRAIN_driveops/luxonis_ws/src/traffic_sign/depthai-ros/build/depthai_ros_msgs': CMAKE_PREFIX_PATH=${CMAKE_PREFIX_PATH}:/opt/ros/jazzy DEBUGINFOD_URLS=https://debuginfod.ubuntu.com /usr/bin/cmake --install /home/michele-zarantonello/BFMC/BRAIN_driveops/luxonis_ws/src/traffic_sign/depthai-ros/build/depthai_ros_msgs
[19.219s] Level 1:colcon.colcon_core.environment:create_environment_scripts_only(depthai_ros_msgs)
[19.220s] DEBUG:colcon.colcon_core.event_handler.log_command:Invoked command in '/home/michele-zarantonello/BFMC/BRAIN_driveops/luxonis_ws/src/traffic_sign/depthai-ros/build/depthai_ros_msgs' returned '0': CMAKE_PREFIX_PATH=${CMAKE_PREFIX_PATH}:/opt/ros/jazzy DEBUGINFOD_URLS=https://debuginfod.ubuntu.com /usr/bin/cmake --install /home/michele-zarantonello/BFMC/BRAIN_driveops/luxonis_ws/src/traffic_sign/depthai-ros/build/depthai_ros_msgs
[19.220s] Level 1:colcon.colcon_core.environment:checking '/home/michele-zarantonello/BFMC/BRAIN_driveops/luxonis_ws/src/traffic_sign/depthai-ros/install/depthai_ros_msgs' for CMake module files
[19.221s] Level 1:colcon.colcon_core.environment:checking '/home/michele-zarantonello/BFMC/BRAIN_driveops/luxonis_ws/src/traffic_sign/depthai-ros/install/depthai_ros_msgs' for CMake config files
[19.221s] Level 1:colcon.colcon_core.shell:create_environment_hook('depthai_ros_msgs', 'cmake_prefix_path')
[19.221s] INFO:colcon.colcon_core.shell:Creating environment hook '/home/michele-zarantonello/BFMC/BRAIN_driveops/luxonis_ws/src/traffic_sign/depthai-ros/install/depthai_ros_msgs/share/depthai_ros_msgs/hook/cmake_prefix_path.ps1'
[19.222s] INFO:colcon.colcon_core.shell:Creating environment descriptor '/home/michele-zarantonello/BFMC/BRAIN_driveops/luxonis_ws/src/traffic_sign/depthai-ros/install/depthai_ros_msgs/share/depthai_ros_msgs/hook/cmake_prefix_path.dsv'
[19.222s] INFO:colcon.colcon_core.shell:Creating environment hook '/home/michele-zarantonello/BFMC/BRAIN_driveops/luxonis_ws/src/traffic_sign/depthai-ros/install/depthai_ros_msgs/share/depthai_ros_msgs/hook/cmake_prefix_path.sh'
[19.222s] Level 1:colcon.colcon_core.environment:checking '/home/michele-zarantonello/BFMC/BRAIN_driveops/luxonis_ws/src/traffic_sign/depthai-ros/install/depthai_ros_msgs/lib'
[19.222s] Level 1:colcon.colcon_core.shell:create_environment_hook('depthai_ros_msgs', 'ld_library_path_lib')
[19.223s] INFO:colcon.colcon_core.shell:Creating environment hook '/home/michele-zarantonello/BFMC/BRAIN_driveops/luxonis_ws/src/traffic_sign/depthai-ros/install/depthai_ros_msgs/share/depthai_ros_msgs/hook/ld_library_path_lib.ps1'
[19.223s] INFO:colcon.colcon_core.shell:Creating environment descriptor '/home/michele-zarantonello/BFMC/BRAIN_driveops/luxonis_ws/src/traffic_sign/depthai-ros/install/depthai_ros_msgs/share/depthai_ros_msgs/hook/ld_library_path_lib.dsv'
[19.223s] INFO:colcon.colcon_core.shell:Creating environment hook '/home/michele-zarantonello/BFMC/BRAIN_driveops/luxonis_ws/src/traffic_sign/depthai-ros/install/depthai_ros_msgs/share/depthai_ros_msgs/hook/ld_library_path_lib.sh'
[19.223s] Level 1:colcon.colcon_core.environment:checking '/home/michele-zarantonello/BFMC/BRAIN_driveops/luxonis_ws/src/traffic_sign/depthai-ros/install/depthai_ros_msgs/bin'
[19.224s] Level 1:colcon.colcon_core.environment:checking '/home/michele-zarantonello/BFMC/BRAIN_driveops/luxonis_ws/src/traffic_sign/depthai-ros/install/depthai_ros_msgs/lib/pkgconfig/depthai_ros_msgs.pc'
[19.224s] Level 1:colcon.colcon_core.environment:checking '/home/michele-zarantonello/BFMC/BRAIN_driveops/luxonis_ws/src/traffic_sign/depthai-ros/install/depthai_ros_msgs/lib/python3.12/site-packages'
[19.224s] Level 1:colcon.colcon_core.shell:create_environment_hook('depthai_ros_msgs', 'pythonpath')
[19.224s] INFO:colcon.colcon_core.shell:Creating environment hook '/home/michele-zarantonello/BFMC/BRAIN_driveops/luxonis_ws/src/traffic_sign/depthai-ros/install/depthai_ros_msgs/share/depthai_ros_msgs/hook/pythonpath.ps1'
[19.224s] INFO:colcon.colcon_core.shell:Creating environment descriptor '/home/michele-zarantonello/BFMC/BRAIN_driveops/luxonis_ws/src/traffic_sign/depthai-ros/install/depthai_ros_msgs/share/depthai_ros_msgs/hook/pythonpath.dsv'
[19.225s] INFO:colcon.colcon_core.shell:Creating environment hook '/home/michele-zarantonello/BFMC/BRAIN_driveops/luxonis_ws/src/traffic_sign/depthai-ros/install/depthai_ros_msgs/share/depthai_ros_msgs/hook/pythonpath.sh'
[19.225s] Level 1:colcon.colcon_core.environment:checking '/home/michele-zarantonello/BFMC/BRAIN_driveops/luxonis_ws/src/traffic_sign/depthai-ros/install/depthai_ros_msgs/bin'
[19.225s] INFO:colcon.colcon_core.shell:Creating package script '/home/michele-zarantonello/BFMC/BRAIN_driveops/luxonis_ws/src/traffic_sign/depthai-ros/install/depthai_ros_msgs/share/depthai_ros_msgs/package.ps1'
[19.226s] INFO:colcon.colcon_core.shell:Creating package descriptor '/home/michele-zarantonello/BFMC/BRAIN_driveops/luxonis_ws/src/traffic_sign/depthai-ros/install/depthai_ros_msgs/share/depthai_ros_msgs/package.dsv'
[19.226s] INFO:colcon.colcon_core.shell:Creating package script '/home/michele-zarantonello/BFMC/BRAIN_driveops/luxonis_ws/src/traffic_sign/depthai-ros/install/depthai_ros_msgs/share/depthai_ros_msgs/package.sh'
[19.226s] INFO:colcon.colcon_core.shell:Creating package script '/home/michele-zarantonello/BFMC/BRAIN_driveops/luxonis_ws/src/traffic_sign/depthai-ros/install/depthai_ros_msgs/share/depthai_ros_msgs/package.bash'
[19.227s] INFO:colcon.colcon_core.shell:Creating package script '/home/michele-zarantonello/BFMC/BRAIN_driveops/luxonis_ws/src/traffic_sign/depthai-ros/install/depthai_ros_msgs/share/depthai_ros_msgs/package.zsh'
[19.227s] Level 1:colcon.colcon_core.environment:create_file_with_runtime_dependencies(/home/michele-zarantonello/BFMC/BRAIN_driveops/luxonis_ws/src/traffic_sign/depthai-ros/install/depthai_ros_msgs/share/colcon-core/packages/depthai_ros_msgs)
[19.228s] Level 1:colcon.colcon_core.environment:create_environment_scripts_only(depthai_ros_msgs)
[19.228s] Level 1:colcon.colcon_core.environment:checking '/home/michele-zarantonello/BFMC/BRAIN_driveops/luxonis_ws/src/traffic_sign/depthai-ros/install/depthai_ros_msgs' for CMake module files
[19.228s] Level 1:colcon.colcon_core.environment:checking '/home/michele-zarantonello/BFMC/BRAIN_driveops/luxonis_ws/src/traffic_sign/depthai-ros/install/depthai_ros_msgs' for CMake config files
[19.229s] Level 1:colcon.colcon_core.shell:create_environment_hook('depthai_ros_msgs', 'cmake_prefix_path')
[19.229s] INFO:colcon.colcon_core.shell:Creating environment hook '/home/michele-zarantonello/BFMC/BRAIN_driveops/luxonis_ws/src/traffic_sign/depthai-ros/install/depthai_ros_msgs/share/depthai_ros_msgs/hook/cmake_prefix_path.ps1'
[19.229s] INFO:colcon.colcon_core.shell:Creating environment descriptor '/home/michele-zarantonello/BFMC/BRAIN_driveops/luxonis_ws/src/traffic_sign/depthai-ros/install/depthai_ros_msgs/share/depthai_ros_msgs/hook/cmake_prefix_path.dsv'
[19.229s] INFO:colcon.colcon_core.shell:Creating environment hook '/home/michele-zarantonello/BFMC/BRAIN_driveops/luxonis_ws/src/traffic_sign/depthai-ros/install/depthai_ros_msgs/share/depthai_ros_msgs/hook/cmake_prefix_path.sh'
[19.230s] Level 1:colcon.colcon_core.environment:checking '/home/michele-zarantonello/BFMC/BRAIN_driveops/luxonis_ws/src/traffic_sign/depthai-ros/install/depthai_ros_msgs/lib'
[19.230s] Level 1:colcon.colcon_core.shell:create_environment_hook('depthai_ros_msgs', 'ld_library_path_lib')
[19.230s] INFO:colcon.colcon_core.shell:Creating environment hook '/home/michele-zarantonello/BFMC/BRAIN_driveops/luxonis_ws/src/traffic_sign/depthai-ros/install/depthai_ros_msgs/share/depthai_ros_msgs/hook/ld_library_path_lib.ps1'
[19.230s] INFO:colcon.colcon_core.shell:Creating environment descriptor '/home/michele-zarantonello/BFMC/BRAIN_driveops/luxonis_ws/src/traffic_sign/depthai-ros/install/depthai_ros_msgs/share/depthai_ros_msgs/hook/ld_library_path_lib.dsv'
[19.231s] INFO:colcon.colcon_core.shell:Creating environment hook '/home/michele-zarantonello/BFMC/BRAIN_driveops/luxonis_ws/src/traffic_sign/depthai-ros/install/depthai_ros_msgs/share/depthai_ros_msgs/hook/ld_library_path_lib.sh'
[19.231s] Level 1:colcon.colcon_core.environment:checking '/home/michele-zarantonello/BFMC/BRAIN_driveops/luxonis_ws/src/traffic_sign/depthai-ros/install/depthai_ros_msgs/bin'
[19.231s] Level 1:colcon.colcon_core.environment:checking '/home/michele-zarantonello/BFMC/BRAIN_driveops/luxonis_ws/src/traffic_sign/depthai-ros/install/depthai_ros_msgs/lib/pkgconfig/depthai_ros_msgs.pc'
[19.231s] Level 1:colcon.colcon_core.environment:checking '/home/michele-zarantonello/BFMC/BRAIN_driveops/luxonis_ws/src/traffic_sign/depthai-ros/install/depthai_ros_msgs/lib/python3.12/site-packages'
[19.231s] Level 1:colcon.colcon_core.shell:create_environment_hook('depthai_ros_msgs', 'pythonpath')
[19.232s] INFO:colcon.colcon_core.shell:Creating environment hook '/home/michele-zarantonello/BFMC/BRAIN_driveops/luxonis_ws/src/traffic_sign/depthai-ros/install/depthai_ros_msgs/share/depthai_ros_msgs/hook/pythonpath.ps1'
[19.232s] INFO:colcon.colcon_core.shell:Creating environment descriptor '/home/michele-zarantonello/BFMC/BRAIN_driveops/luxonis_ws/src/traffic_sign/depthai-ros/install/depthai_ros_msgs/share/depthai_ros_msgs/hook/pythonpath.dsv'
[19.232s] INFO:colcon.colcon_core.shell:Creating environment hook '/home/michele-zarantonello/BFMC/BRAIN_driveops/luxonis_ws/src/traffic_sign/depthai-ros/install/depthai_ros_msgs/share/depthai_ros_msgs/hook/pythonpath.sh'
[19.233s] Level 1:colcon.colcon_core.environment:checking '/home/michele-zarantonello/BFMC/BRAIN_driveops/luxonis_ws/src/traffic_sign/depthai-ros/install/depthai_ros_msgs/bin'
[19.233s] INFO:colcon.colcon_core.shell:Creating package script '/home/michele-zarantonello/BFMC/BRAIN_driveops/luxonis_ws/src/traffic_sign/depthai-ros/install/depthai_ros_msgs/share/depthai_ros_msgs/package.ps1'
[19.233s] INFO:colcon.colcon_core.shell:Creating package descriptor '/home/michele-zarantonello/BFMC/BRAIN_driveops/luxonis_ws/src/traffic_sign/depthai-ros/install/depthai_ros_msgs/share/depthai_ros_msgs/package.dsv'
[19.234s] INFO:colcon.colcon_core.shell:Creating package script '/home/michele-zarantonello/BFMC/BRAIN_driveops/luxonis_ws/src/traffic_sign/depthai-ros/install/depthai_ros_msgs/share/depthai_ros_msgs/package.sh'
[19.234s] INFO:colcon.colcon_core.shell:Creating package script '/home/michele-zarantonello/BFMC/BRAIN_driveops/luxonis_ws/src/traffic_sign/depthai-ros/install/depthai_ros_msgs/share/depthai_ros_msgs/package.bash'
[19.235s] INFO:colcon.colcon_core.shell:Creating package script '/home/michele-zarantonello/BFMC/BRAIN_driveops/luxonis_ws/src/traffic_sign/depthai-ros/install/depthai_ros_msgs/share/depthai_ros_msgs/package.zsh'
[19.235s] Level 1:colcon.colcon_core.environment:create_file_with_runtime_dependencies(/home/michele-zarantonello/BFMC/BRAIN_driveops/luxonis_ws/src/traffic_sign/depthai-ros/install/depthai_ros_msgs/share/colcon-core/packages/depthai_ros_msgs)
[19.235s] INFO:colcon.colcon_ros.task.ament_cmake.build:Building ROS package in '/home/michele-zarantonello/BFMC/BRAIN_driveops/luxonis_ws/src/traffic_sign/depthai-ros/depthai-ros/depthai_bridge' with build type 'ament_cmake'
[19.236s] INFO:colcon.colcon_cmake.task.cmake.build:Building CMake package in '/home/michele-zarantonello/BFMC/BRAIN_driveops/luxonis_ws/src/traffic_sign/depthai-ros/depthai-ros/depthai_bridge'
[19.236s] INFO:colcon.colcon_core.shell:Skip shell extension 'powershell' for command environment: Not usable outside of PowerShell
[19.236s] DEBUG:colcon.colcon_core.shell:Skip shell extension 'dsv' for command environment
[19.239s] INFO:colcon.colcon_ros.task.ament_cmake.build:Building ROS package in '/home/michele-zarantonello/BFMC/BRAIN_driveops/luxonis_ws/src/traffic_sign/depthai-ros/depthai-ros/depthai_filters' with build type 'ament_cmake'
[19.240s] INFO:colcon.colcon_cmake.task.cmake.build:Building CMake package in '/home/michele-zarantonello/BFMC/BRAIN_driveops/luxonis_ws/src/traffic_sign/depthai-ros/depthai-ros/depthai_filters'
[19.240s] INFO:colcon.colcon_core.shell:Skip shell extension 'powershell' for command environment: Not usable outside of PowerShell
[19.240s] DEBUG:colcon.colcon_core.shell:Skip shell extension 'dsv' for command environment
[19.247s] DEBUG:colcon.colcon_core.event_handler.log_command:Invoking command in '/home/michele-zarantonello/BFMC/BRAIN_driveops/luxonis_ws/src/traffic_sign/depthai-ros/build/depthai_bridge': AMENT_PREFIX_PATH=/home/michele-zarantonello/BFMC/BRAIN_driveops/luxonis_ws/src/traffic_sign/depthai-ros/install/depthai_ros_msgs:${AMENT_PREFIX_PATH} CMAKE_PREFIX_PATH=/home/michele-zarantonello/BFMC/BRAIN_driveops/luxonis_ws/src/traffic_sign/depthai-ros/install/depthai_ros_msgs:/opt/ros/jazzy/opt/gz_sim_vendor:/opt/ros/jazzy/opt/gz_sensors_vendor:/opt/ros/jazzy/opt/gz_physics_vendor:/opt/ros/jazzy/opt/sdformat_vendor:/opt/ros/jazzy/opt/gz_gui_vendor:/opt/ros/jazzy/opt/gz_transport_vendor:/opt/ros/jazzy/opt/gz_rendering_vendor:/opt/ros/jazzy/opt/gz_plugin_vendor:/opt/ros/jazzy/opt/gz_fuel_tools_vendor:/opt/ros/jazzy/opt/gz_msgs_vendor:/opt/ros/jazzy/opt/gz_common_vendor:/opt/ros/jazzy/opt/gz_math_vendor:/opt/ros/jazzy/opt/gz_utils_vendor:/opt/ros/jazzy/opt/gz_tools_vendor:/opt/ros/jazzy/opt/gz_ogre_next_vendor:/opt/ros/jazzy/opt/gz_dartsim_vendor:/opt/ros/jazzy/opt/gz_cmake_vendor:/opt/ros/jazzy DEBUGINFOD_URLS=https://debuginfod.ubuntu.com LD_LIBRARY_PATH=/home/michele-zarantonello/BFMC/BRAIN_driveops/luxonis_ws/src/traffic_sign/depthai-ros/install/depthai_ros_msgs/lib:${LD_LIBRARY_PATH} PYTHONPATH=/home/michele-zarantonello/BFMC/BRAIN_driveops/luxonis_ws/src/traffic_sign/depthai-ros/install/depthai_ros_msgs/lib/python3.12/site-packages:${PYTHONPATH} /usr/bin/cmake /home/michele-zarantonello/BFMC/BRAIN_driveops/luxonis_ws/src/traffic_sign/depthai-ros/depthai-ros/depthai_bridge -DMAKE_BUILD_TYPE=Release -DAMENT_CMAKE_SYMLINK_INSTALL=1 -DCMAKE_INSTALL_PREFIX=/home/michele-zarantonello/BFMC/BRAIN_driveops/luxonis_ws/src/traffic_sign/depthai-ros/install/depthai_bridge
[19.251s] DEBUG:colcon.colcon_core.event_handler.log_command:Invoking command in '/home/michele-zarantonello/BFMC/BRAIN_driveops/luxonis_ws/src/traffic_sign/depthai-ros/build/depthai_filters': AMENT_PREFIX_PATH=/home/michele-zarantonello/BFMC/BRAIN_driveops/luxonis_ws/src/traffic_sign/depthai-ros/install/depthai_ros_msgs:${AMENT_PREFIX_PATH} CMAKE_PREFIX_PATH=/home/michele-zarantonello/BFMC/BRAIN_driveops/luxonis_ws/src/traffic_sign/depthai-ros/install/depthai_ros_msgs:/opt/ros/jazzy/opt/gz_sim_vendor:/opt/ros/jazzy/opt/gz_sensors_vendor:/opt/ros/jazzy/opt/gz_physics_vendor:/opt/ros/jazzy/opt/sdformat_vendor:/opt/ros/jazzy/opt/gz_gui_vendor:/opt/ros/jazzy/opt/gz_transport_vendor:/opt/ros/jazzy/opt/gz_rendering_vendor:/opt/ros/jazzy/opt/gz_plugin_vendor:/opt/ros/jazzy/opt/gz_fuel_tools_vendor:/opt/ros/jazzy/opt/gz_msgs_vendor:/opt/ros/jazzy/opt/gz_common_vendor:/opt/ros/jazzy/opt/gz_math_vendor:/opt/ros/jazzy/opt/gz_utils_vendor:/opt/ros/jazzy/opt/gz_tools_vendor:/opt/ros/jazzy/opt/gz_ogre_next_vendor:/opt/ros/jazzy/opt/gz_dartsim_vendor:/opt/ros/jazzy/opt/gz_cmake_vendor:/opt/ros/jazzy DEBUGINFOD_URLS=https://debuginfod.ubuntu.com LD_LIBRARY_PATH=/home/michele-zarantonello/BFMC/BRAIN_driveops/luxonis_ws/src/traffic_sign/depthai-ros/install/depthai_ros_msgs/lib:${LD_LIBRARY_PATH} PYTHONPATH=/home/michele-zarantonello/BFMC/BRAIN_driveops/luxonis_ws/src/traffic_sign/depthai-ros/install/depthai_ros_msgs/lib/python3.12/site-packages:${PYTHONPATH} /usr/bin/cmake /home/michele-zarantonello/BFMC/BRAIN_driveops/luxonis_ws/src/traffic_sign/depthai-ros/depthai-ros/depthai_filters -DMAKE_BUILD_TYPE=Release -DAMENT_CMAKE_SYMLINK_INSTALL=1 -DCMAKE_INSTALL_PREFIX=/home/michele-zarantonello/BFMC/BRAIN_driveops/luxonis_ws/src/traffic_sign/depthai-ros/install/depthai_filters
[20.855s] DEBUG:colcon.colcon_core.event_handler.log_command:Invoked command in '/home/michele-zarantonello/BFMC/BRAIN_driveops/luxonis_ws/src/traffic_sign/depthai-ros/build/depthai_filters' returned '0': AMENT_PREFIX_PATH=/home/michele-zarantonello/BFMC/BRAIN_driveops/luxonis_ws/src/traffic_sign/depthai-ros/install/depthai_ros_msgs:${AMENT_PREFIX_PATH} CMAKE_PREFIX_PATH=/home/michele-zarantonello/BFMC/BRAIN_driveops/luxonis_ws/src/traffic_sign/depthai-ros/install/depthai_ros_msgs:/opt/ros/jazzy/opt/gz_sim_vendor:/opt/ros/jazzy/opt/gz_sensors_vendor:/opt/ros/jazzy/opt/gz_physics_vendor:/opt/ros/jazzy/opt/sdformat_vendor:/opt/ros/jazzy/opt/gz_gui_vendor:/opt/ros/jazzy/opt/gz_transport_vendor:/opt/ros/jazzy/opt/gz_rendering_vendor:/opt/ros/jazzy/opt/gz_plugin_vendor:/opt/ros/jazzy/opt/gz_fuel_tools_vendor:/opt/ros/jazzy/opt/gz_msgs_vendor:/opt/ros/jazzy/opt/gz_common_vendor:/opt/ros/jazzy/opt/gz_math_vendor:/opt/ros/jazzy/opt/gz_utils_vendor:/opt/ros/jazzy/opt/gz_tools_vendor:/opt/ros/jazzy/opt/gz_ogre_next_vendor:/opt/ros/jazzy/opt/gz_dartsim_vendor:/opt/ros/jazzy/opt/gz_cmake_vendor:/opt/ros/jazzy DEBUGINFOD_URLS=https://debuginfod.ubuntu.com LD_LIBRARY_PATH=/home/michele-zarantonello/BFMC/BRAIN_driveops/luxonis_ws/src/traffic_sign/depthai-ros/install/depthai_ros_msgs/lib:${LD_LIBRARY_PATH} PYTHONPATH=/home/michele-zarantonello/BFMC/BRAIN_driveops/luxonis_ws/src/traffic_sign/depthai-ros/install/depthai_ros_msgs/lib/python3.12/site-packages:${PYTHONPATH} /usr/bin/cmake /home/michele-zarantonello/BFMC/BRAIN_driveops/luxonis_ws/src/traffic_sign/depthai-ros/depthai-ros/depthai_filters -DMAKE_BUILD_TYPE=Release -DAMENT_CMAKE_SYMLINK_INSTALL=1 -DCMAKE_INSTALL_PREFIX=/home/michele-zarantonello/BFMC/BRAIN_driveops/luxonis_ws/src/traffic_sign/depthai-ros/install/depthai_filters
[20.857s] DEBUG:colcon.colcon_core.event_handler.log_command:Invoking command in '/home/michele-zarantonello/BFMC/BRAIN_driveops/luxonis_ws/src/traffic_sign/depthai-ros/build/depthai_filters': AMENT_PREFIX_PATH=/home/michele-zarantonello/BFMC/BRAIN_driveops/luxonis_ws/src/traffic_sign/depthai-ros/install/depthai_ros_msgs:${AMENT_PREFIX_PATH} CMAKE_PREFIX_PATH=/home/michele-zarantonello/BFMC/BRAIN_driveops/luxonis_ws/src/traffic_sign/depthai-ros/install/depthai_ros_msgs:/opt/ros/jazzy/opt/gz_sim_vendor:/opt/ros/jazzy/opt/gz_sensors_vendor:/opt/ros/jazzy/opt/gz_physics_vendor:/opt/ros/jazzy/opt/sdformat_vendor:/opt/ros/jazzy/opt/gz_gui_vendor:/opt/ros/jazzy/opt/gz_transport_vendor:/opt/ros/jazzy/opt/gz_rendering_vendor:/opt/ros/jazzy/opt/gz_plugin_vendor:/opt/ros/jazzy/opt/gz_fuel_tools_vendor:/opt/ros/jazzy/opt/gz_msgs_vendor:/opt/ros/jazzy/opt/gz_common_vendor:/opt/ros/jazzy/opt/gz_math_vendor:/opt/ros/jazzy/opt/gz_utils_vendor:/opt/ros/jazzy/opt/gz_tools_vendor:/opt/ros/jazzy/opt/gz_ogre_next_vendor:/opt/ros/jazzy/opt/gz_dartsim_vendor:/opt/ros/jazzy/opt/gz_cmake_vendor:/opt/ros/jazzy DEBUGINFOD_URLS=https://debuginfod.ubuntu.com LD_LIBRARY_PATH=/home/michele-zarantonello/BFMC/BRAIN_driveops/luxonis_ws/src/traffic_sign/depthai-ros/install/depthai_ros_msgs/lib:${LD_LIBRARY_PATH} PYTHONPATH=/home/michele-zarantonello/BFMC/BRAIN_driveops/luxonis_ws/src/traffic_sign/depthai-ros/install/depthai_ros_msgs/lib/python3.12/site-packages:${PYTHONPATH} /usr/bin/cmake --build /home/michele-zarantonello/BFMC/BRAIN_driveops/luxonis_ws/src/traffic_sign/depthai-ros/build/depthai_filters -- -j8 -l8
[21.887s] DEBUG:colcon.colcon_core.event_handler.log_command:Invoked command in '/home/michele-zarantonello/BFMC/BRAIN_driveops/luxonis_ws/src/traffic_sign/depthai-ros/build/depthai_bridge' returned '0': AMENT_PREFIX_PATH=/home/michele-zarantonello/BFMC/BRAIN_driveops/luxonis_ws/src/traffic_sign/depthai-ros/install/depthai_ros_msgs:${AMENT_PREFIX_PATH} CMAKE_PREFIX_PATH=/home/michele-zarantonello/BFMC/BRAIN_driveops/luxonis_ws/src/traffic_sign/depthai-ros/install/depthai_ros_msgs:/opt/ros/jazzy/opt/gz_sim_vendor:/opt/ros/jazzy/opt/gz_sensors_vendor:/opt/ros/jazzy/opt/gz_physics_vendor:/opt/ros/jazzy/opt/sdformat_vendor:/opt/ros/jazzy/opt/gz_gui_vendor:/opt/ros/jazzy/opt/gz_transport_vendor:/opt/ros/jazzy/opt/gz_rendering_vendor:/opt/ros/jazzy/opt/gz_plugin_vendor:/opt/ros/jazzy/opt/gz_fuel_tools_vendor:/opt/ros/jazzy/opt/gz_msgs_vendor:/opt/ros/jazzy/opt/gz_common_vendor:/opt/ros/jazzy/opt/gz_math_vendor:/opt/ros/jazzy/opt/gz_utils_vendor:/opt/ros/jazzy/opt/gz_tools_vendor:/opt/ros/jazzy/opt/gz_ogre_next_vendor:/opt/ros/jazzy/opt/gz_dartsim_vendor:/opt/ros/jazzy/opt/gz_cmake_vendor:/opt/ros/jazzy DEBUGINFOD_URLS=https://debuginfod.ubuntu.com LD_LIBRARY_PATH=/home/michele-zarantonello/BFMC/BRAIN_driveops/luxonis_ws/src/traffic_sign/depthai-ros/install/depthai_ros_msgs/lib:${LD_LIBRARY_PATH} PYTHONPATH=/home/michele-zarantonello/BFMC/BRAIN_driveops/luxonis_ws/src/traffic_sign/depthai-ros/install/depthai_ros_msgs/lib/python3.12/site-packages:${PYTHONPATH} /usr/bin/cmake /home/michele-zarantonello/BFMC/BRAIN_driveops/luxonis_ws/src/traffic_sign/depthai-ros/depthai-ros/depthai_bridge -DMAKE_BUILD_TYPE=Release -DAMENT_CMAKE_SYMLINK_INSTALL=1 -DCMAKE_INSTALL_PREFIX=/home/michele-zarantonello/BFMC/BRAIN_driveops/luxonis_ws/src/traffic_sign/depthai-ros/install/depthai_bridge
[21.891s] DEBUG:colcon.colcon_core.event_handler.log_command:Invoking command in '/home/michele-zarantonello/BFMC/BRAIN_driveops/luxonis_ws/src/traffic_sign/depthai-ros/build/depthai_bridge': AMENT_PREFIX_PATH=/home/michele-zarantonello/BFMC/BRAIN_driveops/luxonis_ws/src/traffic_sign/depthai-ros/install/depthai_ros_msgs:${AMENT_PREFIX_PATH} CMAKE_PREFIX_PATH=/home/michele-zarantonello/BFMC/BRAIN_driveops/luxonis_ws/src/traffic_sign/depthai-ros/install/depthai_ros_msgs:/opt/ros/jazzy/opt/gz_sim_vendor:/opt/ros/jazzy/opt/gz_sensors_vendor:/opt/ros/jazzy/opt/gz_physics_vendor:/opt/ros/jazzy/opt/sdformat_vendor:/opt/ros/jazzy/opt/gz_gui_vendor:/opt/ros/jazzy/opt/gz_transport_vendor:/opt/ros/jazzy/opt/gz_rendering_vendor:/opt/ros/jazzy/opt/gz_plugin_vendor:/opt/ros/jazzy/opt/gz_fuel_tools_vendor:/opt/ros/jazzy/opt/gz_msgs_vendor:/opt/ros/jazzy/opt/gz_common_vendor:/opt/ros/jazzy/opt/gz_math_vendor:/opt/ros/jazzy/opt/gz_utils_vendor:/opt/ros/jazzy/opt/gz_tools_vendor:/opt/ros/jazzy/opt/gz_ogre_next_vendor:/opt/ros/jazzy/opt/gz_dartsim_vendor:/opt/ros/jazzy/opt/gz_cmake_vendor:/opt/ros/jazzy DEBUGINFOD_URLS=https://debuginfod.ubuntu.com LD_LIBRARY_PATH=/home/michele-zarantonello/BFMC/BRAIN_driveops/luxonis_ws/src/traffic_sign/depthai-ros/install/depthai_ros_msgs/lib:${LD_LIBRARY_PATH} PYTHONPATH=/home/michele-zarantonello/BFMC/BRAIN_driveops/luxonis_ws/src/traffic_sign/depthai-ros/install/depthai_ros_msgs/lib/python3.12/site-packages:${PYTHONPATH} /usr/bin/cmake --build /home/michele-zarantonello/BFMC/BRAIN_driveops/luxonis_ws/src/traffic_sign/depthai-ros/build/depthai_bridge -- -j8 -l8
[140.530s] DEBUG:colcon.colcon_core.event_handler.log_command:Invoked command in '/home/michele-zarantonello/BFMC/BRAIN_driveops/luxonis_ws/src/traffic_sign/depthai-ros/build/depthai_bridge' returned '0': AMENT_PREFIX_PATH=/home/michele-zarantonello/BFMC/BRAIN_driveops/luxonis_ws/src/traffic_sign/depthai-ros/install/depthai_ros_msgs:${AMENT_PREFIX_PATH} CMAKE_PREFIX_PATH=/home/michele-zarantonello/BFMC/BRAIN_driveops/luxonis_ws/src/traffic_sign/depthai-ros/install/depthai_ros_msgs:/opt/ros/jazzy/opt/gz_sim_vendor:/opt/ros/jazzy/opt/gz_sensors_vendor:/opt/ros/jazzy/opt/gz_physics_vendor:/opt/ros/jazzy/opt/sdformat_vendor:/opt/ros/jazzy/opt/gz_gui_vendor:/opt/ros/jazzy/opt/gz_transport_vendor:/opt/ros/jazzy/opt/gz_rendering_vendor:/opt/ros/jazzy/opt/gz_plugin_vendor:/opt/ros/jazzy/opt/gz_fuel_tools_vendor:/opt/ros/jazzy/opt/gz_msgs_vendor:/opt/ros/jazzy/opt/gz_common_vendor:/opt/ros/jazzy/opt/gz_math_vendor:/opt/ros/jazzy/opt/gz_utils_vendor:/opt/ros/jazzy/opt/gz_tools_vendor:/opt/ros/jazzy/opt/gz_ogre_next_vendor:/opt/ros/jazzy/opt/gz_dartsim_vendor:/opt/ros/jazzy/opt/gz_cmake_vendor:/opt/ros/jazzy DEBUGINFOD_URLS=https://debuginfod.ubuntu.com LD_LIBRARY_PATH=/home/michele-zarantonello/BFMC/BRAIN_driveops/luxonis_ws/src/traffic_sign/depthai-ros/install/depthai_ros_msgs/lib:${LD_LIBRARY_PATH} PYTHONPATH=/home/michele-zarantonello/BFMC/BRAIN_driveops/luxonis_ws/src/traffic_sign/depthai-ros/install/depthai_ros_msgs/lib/python3.12/site-packages:${PYTHONPATH} /usr/bin/cmake --build /home/michele-zarantonello/BFMC/BRAIN_driveops/luxonis_ws/src/traffic_sign/depthai-ros/build/depthai_bridge -- -j8 -l8
[140.593s] DEBUG:colcon.colcon_core.event_handler.log_command:Invoking command in '/home/michele-zarantonello/BFMC/BRAIN_driveops/luxonis_ws/src/traffic_sign/depthai-ros/build/depthai_bridge': AMENT_PREFIX_PATH=/home/michele-zarantonello/BFMC/BRAIN_driveops/luxonis_ws/src/traffic_sign/depthai-ros/install/depthai_ros_msgs:${AMENT_PREFIX_PATH} CMAKE_PREFIX_PATH=/home/michele-zarantonello/BFMC/BRAIN_driveops/luxonis_ws/src/traffic_sign/depthai-ros/install/depthai_ros_msgs:/opt/ros/jazzy/opt/gz_sim_vendor:/opt/ros/jazzy/opt/gz_sensors_vendor:/opt/ros/jazzy/opt/gz_physics_vendor:/opt/ros/jazzy/opt/sdformat_vendor:/opt/ros/jazzy/opt/gz_gui_vendor:/opt/ros/jazzy/opt/gz_transport_vendor:/opt/ros/jazzy/opt/gz_rendering_vendor:/opt/ros/jazzy/opt/gz_plugin_vendor:/opt/ros/jazzy/opt/gz_fuel_tools_vendor:/opt/ros/jazzy/opt/gz_msgs_vendor:/opt/ros/jazzy/opt/gz_common_vendor:/opt/ros/jazzy/opt/gz_math_vendor:/opt/ros/jazzy/opt/gz_utils_vendor:/opt/ros/jazzy/opt/gz_tools_vendor:/opt/ros/jazzy/opt/gz_ogre_next_vendor:/opt/ros/jazzy/opt/gz_dartsim_vendor:/opt/ros/jazzy/opt/gz_cmake_vendor:/opt/ros/jazzy DEBUGINFOD_URLS=https://debuginfod.ubuntu.com LD_LIBRARY_PATH=/home/michele-zarantonello/BFMC/BRAIN_driveops/luxonis_ws/src/traffic_sign/depthai-ros/install/depthai_ros_msgs/lib:${LD_LIBRARY_PATH} PYTHONPATH=/home/michele-zarantonello/BFMC/BRAIN_driveops/luxonis_ws/src/traffic_sign/depthai-ros/install/depthai_ros_msgs/lib/python3.12/site-packages:${PYTHONPATH} /usr/bin/cmake --install /home/michele-zarantonello/BFMC/BRAIN_driveops/luxonis_ws/src/traffic_sign/depthai-ros/build/depthai_bridge
[141.207s] Level 1:colcon.colcon_core.environment:create_environment_scripts_only(depthai_bridge)
[141.225s] DEBUG:colcon.colcon_core.event_handler.log_command:Invoked command in '/home/michele-zarantonello/BFMC/BRAIN_driveops/luxonis_ws/src/traffic_sign/depthai-ros/build/depthai_bridge' returned '0': AMENT_PREFIX_PATH=/home/michele-zarantonello/BFMC/BRAIN_driveops/luxonis_ws/src/traffic_sign/depthai-ros/install/depthai_ros_msgs:${AMENT_PREFIX_PATH} CMAKE_PREFIX_PATH=/home/michele-zarantonello/BFMC/BRAIN_driveops/luxonis_ws/src/traffic_sign/depthai-ros/install/depthai_ros_msgs:/opt/ros/jazzy/opt/gz_sim_vendor:/opt/ros/jazzy/opt/gz_sensors_vendor:/opt/ros/jazzy/opt/gz_physics_vendor:/opt/ros/jazzy/opt/sdformat_vendor:/opt/ros/jazzy/opt/gz_gui_vendor:/opt/ros/jazzy/opt/gz_transport_vendor:/opt/ros/jazzy/opt/gz_rendering_vendor:/opt/ros/jazzy/opt/gz_plugin_vendor:/opt/ros/jazzy/opt/gz_fuel_tools_vendor:/opt/ros/jazzy/opt/gz_msgs_vendor:/opt/ros/jazzy/opt/gz_common_vendor:/opt/ros/jazzy/opt/gz_math_vendor:/opt/ros/jazzy/opt/gz_utils_vendor:/opt/ros/jazzy/opt/gz_tools_vendor:/opt/ros/jazzy/opt/gz_ogre_next_vendor:/opt/ros/jazzy/opt/gz_dartsim_vendor:/opt/ros/jazzy/opt/gz_cmake_vendor:/opt/ros/jazzy DEBUGINFOD_URLS=https://debuginfod.ubuntu.com LD_LIBRARY_PATH=/home/michele-zarantonello/BFMC/BRAIN_driveops/luxonis_ws/src/traffic_sign/depthai-ros/install/depthai_ros_msgs/lib:${LD_LIBRARY_PATH} PYTHONPATH=/home/michele-zarantonello/BFMC/BRAIN_driveops/luxonis_ws/src/traffic_sign/depthai-ros/install/depthai_ros_msgs/lib/python3.12/site-packages:${PYTHONPATH} /usr/bin/cmake --install /home/michele-zarantonello/BFMC/BRAIN_driveops/luxonis_ws/src/traffic_sign/depthai-ros/build/depthai_bridge
[141.228s] Level 1:colcon.colcon_core.environment:checking '/home/michele-zarantonello/BFMC/BRAIN_driveops/luxonis_ws/src/traffic_sign/depthai-ros/install/depthai_bridge' for CMake module files
[141.236s] Level 1:colcon.colcon_core.environment:checking '/home/michele-zarantonello/BFMC/BRAIN_driveops/luxonis_ws/src/traffic_sign/depthai-ros/install/depthai_bridge' for CMake config files
[141.237s] Level 1:colcon.colcon_core.shell:create_environment_hook('depthai_bridge', 'cmake_prefix_path')
[141.242s] INFO:colcon.colcon_core.shell:Creating environment hook '/home/michele-zarantonello/BFMC/BRAIN_driveops/luxonis_ws/src/traffic_sign/depthai-ros/install/depthai_bridge/share/depthai_bridge/hook/cmake_prefix_path.ps1'
[141.262s] INFO:colcon.colcon_core.shell:Creating environment descriptor '/home/michele-zarantonello/BFMC/BRAIN_driveops/luxonis_ws/src/traffic_sign/depthai-ros/install/depthai_bridge/share/depthai_bridge/hook/cmake_prefix_path.dsv'
[141.266s] INFO:colcon.colcon_core.shell:Creating environment hook '/home/michele-zarantonello/BFMC/BRAIN_driveops/luxonis_ws/src/traffic_sign/depthai-ros/install/depthai_bridge/share/depthai_bridge/hook/cmake_prefix_path.sh'
[141.278s] Level 1:colcon.colcon_core.environment:checking '/home/michele-zarantonello/BFMC/BRAIN_driveops/luxonis_ws/src/traffic_sign/depthai-ros/install/depthai_bridge/lib'
[141.278s] Level 1:colcon.colcon_core.shell:create_environment_hook('depthai_bridge', 'ld_library_path_lib')
[141.279s] INFO:colcon.colcon_core.shell:Creating environment hook '/home/michele-zarantonello/BFMC/BRAIN_driveops/luxonis_ws/src/traffic_sign/depthai-ros/install/depthai_bridge/share/depthai_bridge/hook/ld_library_path_lib.ps1'
[141.280s] INFO:colcon.colcon_core.shell:Creating environment descriptor '/home/michele-zarantonello/BFMC/BRAIN_driveops/luxonis_ws/src/traffic_sign/depthai-ros/install/depthai_bridge/share/depthai_bridge/hook/ld_library_path_lib.dsv'
[141.281s] INFO:colcon.colcon_core.shell:Creating environment hook '/home/michele-zarantonello/BFMC/BRAIN_driveops/luxonis_ws/src/traffic_sign/depthai-ros/install/depthai_bridge/share/depthai_bridge/hook/ld_library_path_lib.sh'
[141.284s] Level 1:colcon.colcon_core.environment:checking '/home/michele-zarantonello/BFMC/BRAIN_driveops/luxonis_ws/src/traffic_sign/depthai-ros/install/depthai_bridge/bin'
[141.286s] Level 1:colcon.colcon_core.environment:checking '/home/michele-zarantonello/BFMC/BRAIN_driveops/luxonis_ws/src/traffic_sign/depthai-ros/install/depthai_bridge/lib/pkgconfig/depthai_bridge.pc'
[141.295s] Level 1:colcon.colcon_core.environment:checking '/home/michele-zarantonello/BFMC/BRAIN_driveops/luxonis_ws/src/traffic_sign/depthai-ros/install/depthai_bridge/lib/python3.12/site-packages'
[141.295s] Level 1:colcon.colcon_core.environment:checking '/home/michele-zarantonello/BFMC/BRAIN_driveops/luxonis_ws/src/traffic_sign/depthai-ros/install/depthai_bridge/bin'
[141.297s] INFO:colcon.colcon_core.shell:Creating package script '/home/michele-zarantonello/BFMC/BRAIN_driveops/luxonis_ws/src/traffic_sign/depthai-ros/install/depthai_bridge/share/depthai_bridge/package.ps1'
[141.302s] INFO:colcon.colcon_core.shell:Creating package descriptor '/home/michele-zarantonello/BFMC/BRAIN_driveops/luxonis_ws/src/traffic_sign/depthai-ros/install/depthai_bridge/share/depthai_bridge/package.dsv'
[141.304s] INFO:colcon.colcon_core.shell:Creating package script '/home/michele-zarantonello/BFMC/BRAIN_driveops/luxonis_ws/src/traffic_sign/depthai-ros/install/depthai_bridge/share/depthai_bridge/package.sh'
[141.307s] INFO:colcon.colcon_core.shell:Creating package script '/home/michele-zarantonello/BFMC/BRAIN_driveops/luxonis_ws/src/traffic_sign/depthai-ros/install/depthai_bridge/share/depthai_bridge/package.bash'
[141.311s] INFO:colcon.colcon_core.shell:Creating package script '/home/michele-zarantonello/BFMC/BRAIN_driveops/luxonis_ws/src/traffic_sign/depthai-ros/install/depthai_bridge/share/depthai_bridge/package.zsh'
[141.314s] Level 1:colcon.colcon_core.environment:create_file_with_runtime_dependencies(/home/michele-zarantonello/BFMC/BRAIN_driveops/luxonis_ws/src/traffic_sign/depthai-ros/install/depthai_bridge/share/colcon-core/packages/depthai_bridge)
[141.318s] Level 1:colcon.colcon_core.environment:create_environment_scripts_only(depthai_bridge)
[141.319s] Level 1:colcon.colcon_core.environment:checking '/home/michele-zarantonello/BFMC/BRAIN_driveops/luxonis_ws/src/traffic_sign/depthai-ros/install/depthai_bridge' for CMake module files
[141.321s] Level 1:colcon.colcon_core.environment:checking '/home/michele-zarantonello/BFMC/BRAIN_driveops/luxonis_ws/src/traffic_sign/depthai-ros/install/depthai_bridge' for CMake config files
[141.322s] Level 1:colcon.colcon_core.shell:create_environment_hook('depthai_bridge', 'cmake_prefix_path')
[141.323s] INFO:colcon.colcon_core.shell:Creating environment hook '/home/michele-zarantonello/BFMC/BRAIN_driveops/luxonis_ws/src/traffic_sign/depthai-ros/install/depthai_bridge/share/depthai_bridge/hook/cmake_prefix_path.ps1'
[141.324s] INFO:colcon.colcon_core.shell:Creating environment descriptor '/home/michele-zarantonello/BFMC/BRAIN_driveops/luxonis_ws/src/traffic_sign/depthai-ros/install/depthai_bridge/share/depthai_bridge/hook/cmake_prefix_path.dsv'
[141.326s] INFO:colcon.colcon_core.shell:Creating environment hook '/home/michele-zarantonello/BFMC/BRAIN_driveops/luxonis_ws/src/traffic_sign/depthai-ros/install/depthai_bridge/share/depthai_bridge/hook/cmake_prefix_path.sh'
[141.327s] Level 1:colcon.colcon_core.environment:checking '/home/michele-zarantonello/BFMC/BRAIN_driveops/luxonis_ws/src/traffic_sign/depthai-ros/install/depthai_bridge/lib'
[141.327s] Level 1:colcon.colcon_core.shell:create_environment_hook('depthai_bridge', 'ld_library_path_lib')
[141.328s] INFO:colcon.colcon_core.shell:Creating environment hook '/home/michele-zarantonello/BFMC/BRAIN_driveops/luxonis_ws/src/traffic_sign/depthai-ros/install/depthai_bridge/share/depthai_bridge/hook/ld_library_path_lib.ps1'
[141.329s] INFO:colcon.colcon_core.shell:Creating environment descriptor '/home/michele-zarantonello/BFMC/BRAIN_driveops/luxonis_ws/src/traffic_sign/depthai-ros/install/depthai_bridge/share/depthai_bridge/hook/ld_library_path_lib.dsv'
[141.329s] INFO:colcon.colcon_core.shell:Creating environment hook '/home/michele-zarantonello/BFMC/BRAIN_driveops/luxonis_ws/src/traffic_sign/depthai-ros/install/depthai_bridge/share/depthai_bridge/hook/ld_library_path_lib.sh'
[141.330s] Level 1:colcon.colcon_core.environment:checking '/home/michele-zarantonello/BFMC/BRAIN_driveops/luxonis_ws/src/traffic_sign/depthai-ros/install/depthai_bridge/bin'
[141.331s] Level 1:colcon.colcon_core.environment:checking '/home/michele-zarantonello/BFMC/BRAIN_driveops/luxonis_ws/src/traffic_sign/depthai-ros/install/depthai_bridge/lib/pkgconfig/depthai_bridge.pc'
[141.331s] Level 1:colcon.colcon_core.environment:checking '/home/michele-zarantonello/BFMC/BRAIN_driveops/luxonis_ws/src/traffic_sign/depthai-ros/install/depthai_bridge/lib/python3.12/site-packages'
[141.332s] Level 1:colcon.colcon_core.environment:checking '/home/michele-zarantonello/BFMC/BRAIN_driveops/luxonis_ws/src/traffic_sign/depthai-ros/install/depthai_bridge/bin'
[141.332s] INFO:colcon.colcon_core.shell:Creating package script '/home/michele-zarantonello/BFMC/BRAIN_driveops/luxonis_ws/src/traffic_sign/depthai-ros/install/depthai_bridge/share/depthai_bridge/package.ps1'
[141.334s] INFO:colcon.colcon_core.shell:Creating package descriptor '/home/michele-zarantonello/BFMC/BRAIN_driveops/luxonis_ws/src/traffic_sign/depthai-ros/install/depthai_bridge/share/depthai_bridge/package.dsv'
[141.335s] INFO:colcon.colcon_core.shell:Creating package script '/home/michele-zarantonello/BFMC/BRAIN_driveops/luxonis_ws/src/traffic_sign/depthai-ros/install/depthai_bridge/share/depthai_bridge/package.sh'
[141.336s] INFO:colcon.colcon_core.shell:Creating package script '/home/michele-zarantonello/BFMC/BRAIN_driveops/luxonis_ws/src/traffic_sign/depthai-ros/install/depthai_bridge/share/depthai_bridge/package.bash'
[141.337s] INFO:colcon.colcon_core.shell:Creating package script '/home/michele-zarantonello/BFMC/BRAIN_driveops/luxonis_ws/src/traffic_sign/depthai-ros/install/depthai_bridge/share/depthai_bridge/package.zsh'
[141.338s] Level 1:colcon.colcon_core.environment:create_file_with_runtime_dependencies(/home/michele-zarantonello/BFMC/BRAIN_driveops/luxonis_ws/src/traffic_sign/depthai-ros/install/depthai_bridge/share/colcon-core/packages/depthai_bridge)
[141.342s] INFO:colcon.colcon_ros.task.ament_cmake.build:Building ROS package in '/home/michele-zarantonello/BFMC/BRAIN_driveops/luxonis_ws/src/traffic_sign/depthai-ros/depthai-ros/depthai_examples' with build type 'ament_cmake'
[141.344s] INFO:colcon.colcon_cmake.task.cmake.build:Building CMake package in '/home/michele-zarantonello/BFMC/BRAIN_driveops/luxonis_ws/src/traffic_sign/depthai-ros/depthai-ros/depthai_examples'
[141.345s] INFO:colcon.colcon_core.shell:Skip shell extension 'powershell' for command environment: Not usable outside of PowerShell
[141.345s] DEBUG:colcon.colcon_core.shell:Skip shell extension 'dsv' for command environment
[141.412s] DEBUG:colcon.colcon_core.event_handler.log_command:Invoking command in '/home/michele-zarantonello/BFMC/BRAIN_driveops/luxonis_ws/src/traffic_sign/depthai-ros/build/depthai_examples': AMENT_PREFIX_PATH=/home/michele-zarantonello/BFMC/BRAIN_driveops/luxonis_ws/src/traffic_sign/depthai-ros/install/depthai_bridge:/home/michele-zarantonello/BFMC/BRAIN_driveops/luxonis_ws/src/traffic_sign/depthai-ros/install/depthai_ros_msgs:/home/michele-zarantonello/BFMC/BRAIN_driveops/luxonis_ws/src/traffic_sign/depthai-ros/install/depthai_descriptions:${AMENT_PREFIX_PATH} CMAKE_PREFIX_PATH=/home/michele-zarantonello/BFMC/BRAIN_driveops/luxonis_ws/src/traffic_sign/depthai-ros/install/depthai_bridge:/home/michele-zarantonello/BFMC/BRAIN_driveops/luxonis_ws/src/traffic_sign/depthai-ros/install/depthai_ros_msgs:/home/michele-zarantonello/BFMC/BRAIN_driveops/luxonis_ws/src/traffic_sign/depthai-ros/install/depthai_descriptions:/opt/ros/jazzy/opt/gz_sim_vendor:/opt/ros/jazzy/opt/gz_sensors_vendor:/opt/ros/jazzy/opt/gz_physics_vendor:/opt/ros/jazzy/opt/sdformat_vendor:/opt/ros/jazzy/opt/gz_gui_vendor:/opt/ros/jazzy/opt/gz_transport_vendor:/opt/ros/jazzy/opt/gz_rendering_vendor:/opt/ros/jazzy/opt/gz_plugin_vendor:/opt/ros/jazzy/opt/gz_fuel_tools_vendor:/opt/ros/jazzy/opt/gz_msgs_vendor:/opt/ros/jazzy/opt/gz_common_vendor:/opt/ros/jazzy/opt/gz_math_vendor:/opt/ros/jazzy/opt/gz_utils_vendor:/opt/ros/jazzy/opt/gz_tools_vendor:/opt/ros/jazzy/opt/gz_ogre_next_vendor:/opt/ros/jazzy/opt/gz_dartsim_vendor:/opt/ros/jazzy/opt/gz_cmake_vendor:/opt/ros/jazzy DEBUGINFOD_URLS=https://debuginfod.ubuntu.com GAZEBO_MODEL_PATH=/home/michele-zarantonello/BFMC/BRAIN_driveops/luxonis_ws/src/traffic_sign/depthai-ros/install/depthai_descriptions GAZEBO_RESOURCE_PATH=/home/michele-zarantonello/BFMC/BRAIN_driveops/luxonis_ws/src/traffic_sign/depthai-ros/install/depthai_descriptions IGN_GAZEBO_MODEL_PATH=/home/michele-zarantonello/BFMC/BRAIN_driveops/luxonis_ws/src/traffic_sign/depthai-ros/install/depthai_descriptions IGN_GAZEBO_RESOURCE_PATH=/home/michele-zarantonello/BFMC/BRAIN_driveops/luxonis_ws/src/traffic_sign/depthai-ros/install/depthai_descriptions LD_LIBRARY_PATH=/home/michele-zarantonello/BFMC/BRAIN_driveops/luxonis_ws/src/traffic_sign/depthai-ros/install/depthai_bridge/lib:/home/michele-zarantonello/BFMC/BRAIN_driveops/luxonis_ws/src/traffic_sign/depthai-ros/install/depthai_ros_msgs/lib:${LD_LIBRARY_PATH} PYTHONPATH=/home/michele-zarantonello/BFMC/BRAIN_driveops/luxonis_ws/src/traffic_sign/depthai-ros/install/depthai_ros_msgs/lib/python3.12/site-packages:${PYTHONPATH} /usr/bin/cmake /home/michele-zarantonello/BFMC/BRAIN_driveops/luxonis_ws/src/traffic_sign/depthai-ros/depthai-ros/depthai_examples -DMAKE_BUILD_TYPE=Release -DAMENT_CMAKE_SYMLINK_INSTALL=1 -DCMAKE_INSTALL_PREFIX=/home/michele-zarantonello/BFMC/BRAIN_driveops/luxonis_ws/src/traffic_sign/depthai-ros/install/depthai_examples
[152.725s] DEBUG:colcon.colcon_core.event_handler.log_command:Invoked command in '/home/michele-zarantonello/BFMC/BRAIN_driveops/luxonis_ws/src/traffic_sign/depthai-ros/build/depthai_filters' returned '0': AMENT_PREFIX_PATH=/home/michele-zarantonello/BFMC/BRAIN_driveops/luxonis_ws/src/traffic_sign/depthai-ros/install/depthai_ros_msgs:${AMENT_PREFIX_PATH} CMAKE_PREFIX_PATH=/home/michele-zarantonello/BFMC/BRAIN_driveops/luxonis_ws/src/traffic_sign/depthai-ros/install/depthai_ros_msgs:/opt/ros/jazzy/opt/gz_sim_vendor:/opt/ros/jazzy/opt/gz_sensors_vendor:/opt/ros/jazzy/opt/gz_physics_vendor:/opt/ros/jazzy/opt/sdformat_vendor:/opt/ros/jazzy/opt/gz_gui_vendor:/opt/ros/jazzy/opt/gz_transport_vendor:/opt/ros/jazzy/opt/gz_rendering_vendor:/opt/ros/jazzy/opt/gz_plugin_vendor:/opt/ros/jazzy/opt/gz_fuel_tools_vendor:/opt/ros/jazzy/opt/gz_msgs_vendor:/opt/ros/jazzy/opt/gz_common_vendor:/opt/ros/jazzy/opt/gz_math_vendor:/opt/ros/jazzy/opt/gz_utils_vendor:/opt/ros/jazzy/opt/gz_tools_vendor:/opt/ros/jazzy/opt/gz_ogre_next_vendor:/opt/ros/jazzy/opt/gz_dartsim_vendor:/opt/ros/jazzy/opt/gz_cmake_vendor:/opt/ros/jazzy DEBUGINFOD_URLS=https://debuginfod.ubuntu.com LD_LIBRARY_PATH=/home/michele-zarantonello/BFMC/BRAIN_driveops/luxonis_ws/src/traffic_sign/depthai-ros/install/depthai_ros_msgs/lib:${LD_LIBRARY_PATH} PYTHONPATH=/home/michele-zarantonello/BFMC/BRAIN_driveops/luxonis_ws/src/traffic_sign/depthai-ros/install/depthai_ros_msgs/lib/python3.12/site-packages:${PYTHONPATH} /usr/bin/cmake --build /home/michele-zarantonello/BFMC/BRAIN_driveops/luxonis_ws/src/traffic_sign/depthai-ros/build/depthai_filters -- -j8 -l8
[152.727s] DEBUG:colcon.colcon_core.event_handler.log_command:Invoking command in '/home/michele-zarantonello/BFMC/BRAIN_driveops/luxonis_ws/src/traffic_sign/depthai-ros/build/depthai_filters': AMENT_PREFIX_PATH=/home/michele-zarantonello/BFMC/BRAIN_driveops/luxonis_ws/src/traffic_sign/depthai-ros/install/depthai_ros_msgs:${AMENT_PREFIX_PATH} CMAKE_PREFIX_PATH=/home/michele-zarantonello/BFMC/BRAIN_driveops/luxonis_ws/src/traffic_sign/depthai-ros/install/depthai_ros_msgs:/opt/ros/jazzy/opt/gz_sim_vendor:/opt/ros/jazzy/opt/gz_sensors_vendor:/opt/ros/jazzy/opt/gz_physics_vendor:/opt/ros/jazzy/opt/sdformat_vendor:/opt/ros/jazzy/opt/gz_gui_vendor:/opt/ros/jazzy/opt/gz_transport_vendor:/opt/ros/jazzy/opt/gz_rendering_vendor:/opt/ros/jazzy/opt/gz_plugin_vendor:/opt/ros/jazzy/opt/gz_fuel_tools_vendor:/opt/ros/jazzy/opt/gz_msgs_vendor:/opt/ros/jazzy/opt/gz_common_vendor:/opt/ros/jazzy/opt/gz_math_vendor:/opt/ros/jazzy/opt/gz_utils_vendor:/opt/ros/jazzy/opt/gz_tools_vendor:/opt/ros/jazzy/opt/gz_ogre_next_vendor:/opt/ros/jazzy/opt/gz_dartsim_vendor:/opt/ros/jazzy/opt/gz_cmake_vendor:/opt/ros/jazzy DEBUGINFOD_URLS=https://debuginfod.ubuntu.com LD_LIBRARY_PATH=/home/michele-zarantonello/BFMC/BRAIN_driveops/luxonis_ws/src/traffic_sign/depthai-ros/install/depthai_ros_msgs/lib:${LD_LIBRARY_PATH} PYTHONPATH=/home/michele-zarantonello/BFMC/BRAIN_driveops/luxonis_ws/src/traffic_sign/depthai-ros/install/depthai_ros_msgs/lib/python3.12/site-packages:${PYTHONPATH} /usr/bin/cmake --install /home/michele-zarantonello/BFMC/BRAIN_driveops/luxonis_ws/src/traffic_sign/depthai-ros/build/depthai_filters
[153.122s] Level 1:colcon.colcon_core.environment:create_environment_scripts_only(depthai_filters)
[153.122s] Level 1:colcon.colcon_core.environment:checking '/home/michele-zarantonello/BFMC/BRAIN_driveops/luxonis_ws/src/traffic_sign/depthai-ros/install/depthai_filters' for CMake module files
[153.123s] DEBUG:colcon.colcon_core.event_handler.log_command:Invoked command in '/home/michele-zarantonello/BFMC/BRAIN_driveops/luxonis_ws/src/traffic_sign/depthai-ros/build/depthai_filters' returned '0': AMENT_PREFIX_PATH=/home/michele-zarantonello/BFMC/BRAIN_driveops/luxonis_ws/src/traffic_sign/depthai-ros/install/depthai_ros_msgs:${AMENT_PREFIX_PATH} CMAKE_PREFIX_PATH=/home/michele-zarantonello/BFMC/BRAIN_driveops/luxonis_ws/src/traffic_sign/depthai-ros/install/depthai_ros_msgs:/opt/ros/jazzy/opt/gz_sim_vendor:/opt/ros/jazzy/opt/gz_sensors_vendor:/opt/ros/jazzy/opt/gz_physics_vendor:/opt/ros/jazzy/opt/sdformat_vendor:/opt/ros/jazzy/opt/gz_gui_vendor:/opt/ros/jazzy/opt/gz_transport_vendor:/opt/ros/jazzy/opt/gz_rendering_vendor:/opt/ros/jazzy/opt/gz_plugin_vendor:/opt/ros/jazzy/opt/gz_fuel_tools_vendor:/opt/ros/jazzy/opt/gz_msgs_vendor:/opt/ros/jazzy/opt/gz_common_vendor:/opt/ros/jazzy/opt/gz_math_vendor:/opt/ros/jazzy/opt/gz_utils_vendor:/opt/ros/jazzy/opt/gz_tools_vendor:/opt/ros/jazzy/opt/gz_ogre_next_vendor:/opt/ros/jazzy/opt/gz_dartsim_vendor:/opt/ros/jazzy/opt/gz_cmake_vendor:/opt/ros/jazzy DEBUGINFOD_URLS=https://debuginfod.ubuntu.com LD_LIBRARY_PATH=/home/michele-zarantonello/BFMC/BRAIN_driveops/luxonis_ws/src/traffic_sign/depthai-ros/install/depthai_ros_msgs/lib:${LD_LIBRARY_PATH} PYTHONPATH=/home/michele-zarantonello/BFMC/BRAIN_driveops/luxonis_ws/src/traffic_sign/depthai-ros/install/depthai_ros_msgs/lib/python3.12/site-packages:${PYTHONPATH} /usr/bin/cmake --install /home/michele-zarantonello/BFMC/BRAIN_driveops/luxonis_ws/src/traffic_sign/depthai-ros/build/depthai_filters
[153.124s] Level 1:colcon.colcon_core.environment:checking '/home/michele-zarantonello/BFMC/BRAIN_driveops/luxonis_ws/src/traffic_sign/depthai-ros/install/depthai_filters' for CMake config files
[153.125s] Level 1:colcon.colcon_core.shell:create_environment_hook('depthai_filters', 'cmake_prefix_path')
[153.125s] INFO:colcon.colcon_core.shell:Creating environment hook '/home/michele-zarantonello/BFMC/BRAIN_driveops/luxonis_ws/src/traffic_sign/depthai-ros/install/depthai_filters/share/depthai_filters/hook/cmake_prefix_path.ps1'
[153.126s] INFO:colcon.colcon_core.shell:Creating environment descriptor '/home/michele-zarantonello/BFMC/BRAIN_driveops/luxonis_ws/src/traffic_sign/depthai-ros/install/depthai_filters/share/depthai_filters/hook/cmake_prefix_path.dsv'
[153.126s] INFO:colcon.colcon_core.shell:Creating environment hook '/home/michele-zarantonello/BFMC/BRAIN_driveops/luxonis_ws/src/traffic_sign/depthai-ros/install/depthai_filters/share/depthai_filters/hook/cmake_prefix_path.sh'
[153.127s] Level 1:colcon.colcon_core.environment:checking '/home/michele-zarantonello/BFMC/BRAIN_driveops/luxonis_ws/src/traffic_sign/depthai-ros/install/depthai_filters/lib'
[153.127s] Level 1:colcon.colcon_core.shell:create_environment_hook('depthai_filters', 'ld_library_path_lib')
[153.128s] INFO:colcon.colcon_core.shell:Creating environment hook '/home/michele-zarantonello/BFMC/BRAIN_driveops/luxonis_ws/src/traffic_sign/depthai-ros/install/depthai_filters/share/depthai_filters/hook/ld_library_path_lib.ps1'
[153.128s] INFO:colcon.colcon_core.shell:Creating environment descriptor '/home/michele-zarantonello/BFMC/BRAIN_driveops/luxonis_ws/src/traffic_sign/depthai-ros/install/depthai_filters/share/depthai_filters/hook/ld_library_path_lib.dsv'
[153.129s] INFO:colcon.colcon_core.shell:Creating environment hook '/home/michele-zarantonello/BFMC/BRAIN_driveops/luxonis_ws/src/traffic_sign/depthai-ros/install/depthai_filters/share/depthai_filters/hook/ld_library_path_lib.sh'
[153.130s] Level 1:colcon.colcon_core.environment:checking '/home/michele-zarantonello/BFMC/BRAIN_driveops/luxonis_ws/src/traffic_sign/depthai-ros/install/depthai_filters/bin'
[153.130s] Level 1:colcon.colcon_core.environment:checking '/home/michele-zarantonello/BFMC/BRAIN_driveops/luxonis_ws/src/traffic_sign/depthai-ros/install/depthai_filters/lib/pkgconfig/depthai_filters.pc'
[153.130s] Level 1:colcon.colcon_core.environment:checking '/home/michele-zarantonello/BFMC/BRAIN_driveops/luxonis_ws/src/traffic_sign/depthai-ros/install/depthai_filters/lib/python3.12/site-packages'
[153.131s] Level 1:colcon.colcon_core.environment:checking '/home/michele-zarantonello/BFMC/BRAIN_driveops/luxonis_ws/src/traffic_sign/depthai-ros/install/depthai_filters/bin'
[153.131s] INFO:colcon.colcon_core.shell:Creating package script '/home/michele-zarantonello/BFMC/BRAIN_driveops/luxonis_ws/src/traffic_sign/depthai-ros/install/depthai_filters/share/depthai_filters/package.ps1'
[153.132s] INFO:colcon.colcon_core.shell:Creating package descriptor '/home/michele-zarantonello/BFMC/BRAIN_driveops/luxonis_ws/src/traffic_sign/depthai-ros/install/depthai_filters/share/depthai_filters/package.dsv'
[153.133s] INFO:colcon.colcon_core.shell:Creating package script '/home/michele-zarantonello/BFMC/BRAIN_driveops/luxonis_ws/src/traffic_sign/depthai-ros/install/depthai_filters/share/depthai_filters/package.sh'
[153.134s] INFO:colcon.colcon_core.shell:Creating package script '/home/michele-zarantonello/BFMC/BRAIN_driveops/luxonis_ws/src/traffic_sign/depthai-ros/install/depthai_filters/share/depthai_filters/package.bash'
[153.134s] INFO:colcon.colcon_core.shell:Creating package script '/home/michele-zarantonello/BFMC/BRAIN_driveops/luxonis_ws/src/traffic_sign/depthai-ros/install/depthai_filters/share/depthai_filters/package.zsh'
[153.134s] Level 1:colcon.colcon_core.environment:create_file_with_runtime_dependencies(/home/michele-zarantonello/BFMC/BRAIN_driveops/luxonis_ws/src/traffic_sign/depthai-ros/install/depthai_filters/share/colcon-core/packages/depthai_filters)
[153.136s] Level 1:colcon.colcon_core.environment:create_environment_scripts_only(depthai_filters)
[153.137s] Level 1:colcon.colcon_core.environment:checking '/home/michele-zarantonello/BFMC/BRAIN_driveops/luxonis_ws/src/traffic_sign/depthai-ros/install/depthai_filters' for CMake module files
[153.137s] Level 1:colcon.colcon_core.environment:checking '/home/michele-zarantonello/BFMC/BRAIN_driveops/luxonis_ws/src/traffic_sign/depthai-ros/install/depthai_filters' for CMake config files
[153.138s] Level 1:colcon.colcon_core.shell:create_environment_hook('depthai_filters', 'cmake_prefix_path')
[153.138s] INFO:colcon.colcon_core.shell:Creating environment hook '/home/michele-zarantonello/BFMC/BRAIN_driveops/luxonis_ws/src/traffic_sign/depthai-ros/install/depthai_filters/share/depthai_filters/hook/cmake_prefix_path.ps1'
[153.139s] INFO:colcon.colcon_core.shell:Creating environment descriptor '/home/michele-zarantonello/BFMC/BRAIN_driveops/luxonis_ws/src/traffic_sign/depthai-ros/install/depthai_filters/share/depthai_filters/hook/cmake_prefix_path.dsv'
[153.140s] INFO:colcon.colcon_core.shell:Creating environment hook '/home/michele-zarantonello/BFMC/BRAIN_driveops/luxonis_ws/src/traffic_sign/depthai-ros/install/depthai_filters/share/depthai_filters/hook/cmake_prefix_path.sh'
[153.140s] Level 1:colcon.colcon_core.environment:checking '/home/michele-zarantonello/BFMC/BRAIN_driveops/luxonis_ws/src/traffic_sign/depthai-ros/install/depthai_filters/lib'
[153.141s] Level 1:colcon.colcon_core.shell:create_environment_hook('depthai_filters', 'ld_library_path_lib')
[153.141s] INFO:colcon.colcon_core.shell:Creating environment hook '/home/michele-zarantonello/BFMC/BRAIN_driveops/luxonis_ws/src/traffic_sign/depthai-ros/install/depthai_filters/share/depthai_filters/hook/ld_library_path_lib.ps1'
[153.141s] INFO:colcon.colcon_core.shell:Creating environment descriptor '/home/michele-zarantonello/BFMC/BRAIN_driveops/luxonis_ws/src/traffic_sign/depthai-ros/install/depthai_filters/share/depthai_filters/hook/ld_library_path_lib.dsv'
[153.142s] INFO:colcon.colcon_core.shell:Creating environment hook '/home/michele-zarantonello/BFMC/BRAIN_driveops/luxonis_ws/src/traffic_sign/depthai-ros/install/depthai_filters/share/depthai_filters/hook/ld_library_path_lib.sh'
[153.143s] Level 1:colcon.colcon_core.environment:checking '/home/michele-zarantonello/BFMC/BRAIN_driveops/luxonis_ws/src/traffic_sign/depthai-ros/install/depthai_filters/bin'
[153.143s] Level 1:colcon.colcon_core.environment:checking '/home/michele-zarantonello/BFMC/BRAIN_driveops/luxonis_ws/src/traffic_sign/depthai-ros/install/depthai_filters/lib/pkgconfig/depthai_filters.pc'
[153.143s] Level 1:colcon.colcon_core.environment:checking '/home/michele-zarantonello/BFMC/BRAIN_driveops/luxonis_ws/src/traffic_sign/depthai-ros/install/depthai_filters/lib/python3.12/site-packages'
[153.143s] Level 1:colcon.colcon_core.environment:checking '/home/michele-zarantonello/BFMC/BRAIN_driveops/luxonis_ws/src/traffic_sign/depthai-ros/install/depthai_filters/bin'
[153.143s] INFO:colcon.colcon_core.shell:Creating package script '/home/michele-zarantonello/BFMC/BRAIN_driveops/luxonis_ws/src/traffic_sign/depthai-ros/install/depthai_filters/share/depthai_filters/package.ps1'
[153.144s] INFO:colcon.colcon_core.shell:Creating package descriptor '/home/michele-zarantonello/BFMC/BRAIN_driveops/luxonis_ws/src/traffic_sign/depthai-ros/install/depthai_filters/share/depthai_filters/package.dsv'
[153.144s] INFO:colcon.colcon_core.shell:Creating package script '/home/michele-zarantonello/BFMC/BRAIN_driveops/luxonis_ws/src/traffic_sign/depthai-ros/install/depthai_filters/share/depthai_filters/package.sh'
[153.145s] INFO:colcon.colcon_core.shell:Creating package script '/home/michele-zarantonello/BFMC/BRAIN_driveops/luxonis_ws/src/traffic_sign/depthai-ros/install/depthai_filters/share/depthai_filters/package.bash'
[153.146s] INFO:colcon.colcon_core.shell:Creating package script '/home/michele-zarantonello/BFMC/BRAIN_driveops/luxonis_ws/src/traffic_sign/depthai-ros/install/depthai_filters/share/depthai_filters/package.zsh'
[153.147s] Level 1:colcon.colcon_core.environment:create_file_with_runtime_dependencies(/home/michele-zarantonello/BFMC/BRAIN_driveops/luxonis_ws/src/traffic_sign/depthai-ros/install/depthai_filters/share/colcon-core/packages/depthai_filters)
[153.321s] DEBUG:colcon.colcon_core.event_handler.log_command:Invoked command in '/home/michele-zarantonello/BFMC/BRAIN_driveops/luxonis_ws/src/traffic_sign/depthai-ros/build/depthai_examples' returned '0': AMENT_PREFIX_PATH=/home/michele-zarantonello/BFMC/BRAIN_driveops/luxonis_ws/src/traffic_sign/depthai-ros/install/depthai_bridge:/home/michele-zarantonello/BFMC/BRAIN_driveops/luxonis_ws/src/traffic_sign/depthai-ros/install/depthai_ros_msgs:/home/michele-zarantonello/BFMC/BRAIN_driveops/luxonis_ws/src/traffic_sign/depthai-ros/install/depthai_descriptions:${AMENT_PREFIX_PATH} CMAKE_PREFIX_PATH=/home/michele-zarantonello/BFMC/BRAIN_driveops/luxonis_ws/src/traffic_sign/depthai-ros/install/depthai_bridge:/home/michele-zarantonello/BFMC/BRAIN_driveops/luxonis_ws/src/traffic_sign/depthai-ros/install/depthai_ros_msgs:/home/michele-zarantonello/BFMC/BRAIN_driveops/luxonis_ws/src/traffic_sign/depthai-ros/install/depthai_descriptions:/opt/ros/jazzy/opt/gz_sim_vendor:/opt/ros/jazzy/opt/gz_sensors_vendor:/opt/ros/jazzy/opt/gz_physics_vendor:/opt/ros/jazzy/opt/sdformat_vendor:/opt/ros/jazzy/opt/gz_gui_vendor:/opt/ros/jazzy/opt/gz_transport_vendor:/opt/ros/jazzy/opt/gz_rendering_vendor:/opt/ros/jazzy/opt/gz_plugin_vendor:/opt/ros/jazzy/opt/gz_fuel_tools_vendor:/opt/ros/jazzy/opt/gz_msgs_vendor:/opt/ros/jazzy/opt/gz_common_vendor:/opt/ros/jazzy/opt/gz_math_vendor:/opt/ros/jazzy/opt/gz_utils_vendor:/opt/ros/jazzy/opt/gz_tools_vendor:/opt/ros/jazzy/opt/gz_ogre_next_vendor:/opt/ros/jazzy/opt/gz_dartsim_vendor:/opt/ros/jazzy/opt/gz_cmake_vendor:/opt/ros/jazzy DEBUGINFOD_URLS=https://debuginfod.ubuntu.com GAZEBO_MODEL_PATH=/home/michele-zarantonello/BFMC/BRAIN_driveops/luxonis_ws/src/traffic_sign/depthai-ros/install/depthai_descriptions GAZEBO_RESOURCE_PATH=/home/michele-zarantonello/BFMC/BRAIN_driveops/luxonis_ws/src/traffic_sign/depthai-ros/install/depthai_descriptions IGN_GAZEBO_MODEL_PATH=/home/michele-zarantonello/BFMC/BRAIN_driveops/luxonis_ws/src/traffic_sign/depthai-ros/install/depthai_descriptions IGN_GAZEBO_RESOURCE_PATH=/home/michele-zarantonello/BFMC/BRAIN_driveops/luxonis_ws/src/traffic_sign/depthai-ros/install/depthai_descriptions LD_LIBRARY_PATH=/home/michele-zarantonello/BFMC/BRAIN_driveops/luxonis_ws/src/traffic_sign/depthai-ros/install/depthai_bridge/lib:/home/michele-zarantonello/BFMC/BRAIN_driveops/luxonis_ws/src/traffic_sign/depthai-ros/install/depthai_ros_msgs/lib:${LD_LIBRARY_PATH} PYTHONPATH=/home/michele-zarantonello/BFMC/BRAIN_driveops/luxonis_ws/src/traffic_sign/depthai-ros/install/depthai_ros_msgs/lib/python3.12/site-packages:${PYTHONPATH} /usr/bin/cmake /home/michele-zarantonello/BFMC/BRAIN_driveops/luxonis_ws/src/traffic_sign/depthai-ros/depthai-ros/depthai_examples -DMAKE_BUILD_TYPE=Release -DAMENT_CMAKE_SYMLINK_INSTALL=1 -DCMAKE_INSTALL_PREFIX=/home/michele-zarantonello/BFMC/BRAIN_driveops/luxonis_ws/src/traffic_sign/depthai-ros/install/depthai_examples
[153.322s] DEBUG:colcon.colcon_core.event_handler.log_command:Invoking command in '/home/michele-zarantonello/BFMC/BRAIN_driveops/luxonis_ws/src/traffic_sign/depthai-ros/build/depthai_examples': AMENT_PREFIX_PATH=/home/michele-zarantonello/BFMC/BRAIN_driveops/luxonis_ws/src/traffic_sign/depthai-ros/install/depthai_bridge:/home/michele-zarantonello/BFMC/BRAIN_driveops/luxonis_ws/src/traffic_sign/depthai-ros/install/depthai_ros_msgs:/home/michele-zarantonello/BFMC/BRAIN_driveops/luxonis_ws/src/traffic_sign/depthai-ros/install/depthai_descriptions:${AMENT_PREFIX_PATH} CMAKE_PREFIX_PATH=/home/michele-zarantonello/BFMC/BRAIN_driveops/luxonis_ws/src/traffic_sign/depthai-ros/install/depthai_bridge:/home/michele-zarantonello/BFMC/BRAIN_driveops/luxonis_ws/src/traffic_sign/depthai-ros/install/depthai_ros_msgs:/home/michele-zarantonello/BFMC/BRAIN_driveops/luxonis_ws/src/traffic_sign/depthai-ros/install/depthai_descriptions:/opt/ros/jazzy/opt/gz_sim_vendor:/opt/ros/jazzy/opt/gz_sensors_vendor:/opt/ros/jazzy/opt/gz_physics_vendor:/opt/ros/jazzy/opt/sdformat_vendor:/opt/ros/jazzy/opt/gz_gui_vendor:/opt/ros/jazzy/opt/gz_transport_vendor:/opt/ros/jazzy/opt/gz_rendering_vendor:/opt/ros/jazzy/opt/gz_plugin_vendor:/opt/ros/jazzy/opt/gz_fuel_tools_vendor:/opt/ros/jazzy/opt/gz_msgs_vendor:/opt/ros/jazzy/opt/gz_common_vendor:/opt/ros/jazzy/opt/gz_math_vendor:/opt/ros/jazzy/opt/gz_utils_vendor:/opt/ros/jazzy/opt/gz_tools_vendor:/opt/ros/jazzy/opt/gz_ogre_next_vendor:/opt/ros/jazzy/opt/gz_dartsim_vendor:/opt/ros/jazzy/opt/gz_cmake_vendor:/opt/ros/jazzy DEBUGINFOD_URLS=https://debuginfod.ubuntu.com GAZEBO_MODEL_PATH=/home/michele-zarantonello/BFMC/BRAIN_driveops/luxonis_ws/src/traffic_sign/depthai-ros/install/depthai_descriptions GAZEBO_RESOURCE_PATH=/home/michele-zarantonello/BFMC/BRAIN_driveops/luxonis_ws/src/traffic_sign/depthai-ros/install/depthai_descriptions IGN_GAZEBO_MODEL_PATH=/home/michele-zarantonello/BFMC/BRAIN_driveops/luxonis_ws/src/traffic_sign/depthai-ros/install/depthai_descriptions IGN_GAZEBO_RESOURCE_PATH=/home/michele-zarantonello/BFMC/BRAIN_driveops/luxonis_ws/src/traffic_sign/depthai-ros/install/depthai_descriptions LD_LIBRARY_PATH=/home/michele-zarantonello/BFMC/BRAIN_driveops/luxonis_ws/src/traffic_sign/depthai-ros/install/depthai_bridge/lib:/home/michele-zarantonello/BFMC/BRAIN_driveops/luxonis_ws/src/traffic_sign/depthai-ros/install/depthai_ros_msgs/lib:${LD_LIBRARY_PATH} PYTHONPATH=/home/michele-zarantonello/BFMC/BRAIN_driveops/luxonis_ws/src/traffic_sign/depthai-ros/install/depthai_ros_msgs/lib/python3.12/site-packages:${PYTHONPATH} /usr/bin/cmake --build /home/michele-zarantonello/BFMC/BRAIN_driveops/luxonis_ws/src/traffic_sign/depthai-ros/build/depthai_examples -- -j8 -l8
[257.753s] DEBUG:colcon.colcon_core.event_handler.log_command:Invoked command in '/home/michele-zarantonello/BFMC/BRAIN_driveops/luxonis_ws/src/traffic_sign/depthai-ros/build/depthai_examples' returned '0': AMENT_PREFIX_PATH=/home/michele-zarantonello/BFMC/BRAIN_driveops/luxonis_ws/src/traffic_sign/depthai-ros/install/depthai_bridge:/home/michele-zarantonello/BFMC/BRAIN_driveops/luxonis_ws/src/traffic_sign/depthai-ros/install/depthai_ros_msgs:/home/michele-zarantonello/BFMC/BRAIN_driveops/luxonis_ws/src/traffic_sign/depthai-ros/install/depthai_descriptions:${AMENT_PREFIX_PATH} CMAKE_PREFIX_PATH=/home/michele-zarantonello/BFMC/BRAIN_driveops/luxonis_ws/src/traffic_sign/depthai-ros/install/depthai_bridge:/home/michele-zarantonello/BFMC/BRAIN_driveops/luxonis_ws/src/traffic_sign/depthai-ros/install/depthai_ros_msgs:/home/michele-zarantonello/BFMC/BRAIN_driveops/luxonis_ws/src/traffic_sign/depthai-ros/install/depthai_descriptions:/opt/ros/jazzy/opt/gz_sim_vendor:/opt/ros/jazzy/opt/gz_sensors_vendor:/opt/ros/jazzy/opt/gz_physics_vendor:/opt/ros/jazzy/opt/sdformat_vendor:/opt/ros/jazzy/opt/gz_gui_vendor:/opt/ros/jazzy/opt/gz_transport_vendor:/opt/ros/jazzy/opt/gz_rendering_vendor:/opt/ros/jazzy/opt/gz_plugin_vendor:/opt/ros/jazzy/opt/gz_fuel_tools_vendor:/opt/ros/jazzy/opt/gz_msgs_vendor:/opt/ros/jazzy/opt/gz_common_vendor:/opt/ros/jazzy/opt/gz_math_vendor:/opt/ros/jazzy/opt/gz_utils_vendor:/opt/ros/jazzy/opt/gz_tools_vendor:/opt/ros/jazzy/opt/gz_ogre_next_vendor:/opt/ros/jazzy/opt/gz_dartsim_vendor:/opt/ros/jazzy/opt/gz_cmake_vendor:/opt/ros/jazzy DEBUGINFOD_URLS=https://debuginfod.ubuntu.com GAZEBO_MODEL_PATH=/home/michele-zarantonello/BFMC/BRAIN_driveops/luxonis_ws/src/traffic_sign/depthai-ros/install/depthai_descriptions GAZEBO_RESOURCE_PATH=/home/michele-zarantonello/BFMC/BRAIN_driveops/luxonis_ws/src/traffic_sign/depthai-ros/install/depthai_descriptions IGN_GAZEBO_MODEL_PATH=/home/michele-zarantonello/BFMC/BRAIN_driveops/luxonis_ws/src/traffic_sign/depthai-ros/install/depthai_descriptions IGN_GAZEBO_RESOURCE_PATH=/home/michele-zarantonello/BFMC/BRAIN_driveops/luxonis_ws/src/traffic_sign/depthai-ros/install/depthai_descriptions LD_LIBRARY_PATH=/home/michele-zarantonello/BFMC/BRAIN_driveops/luxonis_ws/src/traffic_sign/depthai-ros/install/depthai_bridge/lib:/home/michele-zarantonello/BFMC/BRAIN_driveops/luxonis_ws/src/traffic_sign/depthai-ros/install/depthai_ros_msgs/lib:${LD_LIBRARY_PATH} PYTHONPATH=/home/michele-zarantonello/BFMC/BRAIN_driveops/luxonis_ws/src/traffic_sign/depthai-ros/install/depthai_ros_msgs/lib/python3.12/site-packages:${PYTHONPATH} /usr/bin/cmake --build /home/michele-zarantonello/BFMC/BRAIN_driveops/luxonis_ws/src/traffic_sign/depthai-ros/build/depthai_examples -- -j8 -l8
[257.809s] DEBUG:colcon.colcon_core.event_handler.log_command:Invoking command in '/home/michele-zarantonello/BFMC/BRAIN_driveops/luxonis_ws/src/traffic_sign/depthai-ros/build/depthai_examples': AMENT_PREFIX_PATH=/home/michele-zarantonello/BFMC/BRAIN_driveops/luxonis_ws/src/traffic_sign/depthai-ros/install/depthai_bridge:/home/michele-zarantonello/BFMC/BRAIN_driveops/luxonis_ws/src/traffic_sign/depthai-ros/install/depthai_ros_msgs:/home/michele-zarantonello/BFMC/BRAIN_driveops/luxonis_ws/src/traffic_sign/depthai-ros/install/depthai_descriptions:${AMENT_PREFIX_PATH} CMAKE_PREFIX_PATH=/home/michele-zarantonello/BFMC/BRAIN_driveops/luxonis_ws/src/traffic_sign/depthai-ros/install/depthai_bridge:/home/michele-zarantonello/BFMC/BRAIN_driveops/luxonis_ws/src/traffic_sign/depthai-ros/install/depthai_ros_msgs:/home/michele-zarantonello/BFMC/BRAIN_driveops/luxonis_ws/src/traffic_sign/depthai-ros/install/depthai_descriptions:/opt/ros/jazzy/opt/gz_sim_vendor:/opt/ros/jazzy/opt/gz_sensors_vendor:/opt/ros/jazzy/opt/gz_physics_vendor:/opt/ros/jazzy/opt/sdformat_vendor:/opt/ros/jazzy/opt/gz_gui_vendor:/opt/ros/jazzy/opt/gz_transport_vendor:/opt/ros/jazzy/opt/gz_rendering_vendor:/opt/ros/jazzy/opt/gz_plugin_vendor:/opt/ros/jazzy/opt/gz_fuel_tools_vendor:/opt/ros/jazzy/opt/gz_msgs_vendor:/opt/ros/jazzy/opt/gz_common_vendor:/opt/ros/jazzy/opt/gz_math_vendor:/opt/ros/jazzy/opt/gz_utils_vendor:/opt/ros/jazzy/opt/gz_tools_vendor:/opt/ros/jazzy/opt/gz_ogre_next_vendor:/opt/ros/jazzy/opt/gz_dartsim_vendor:/opt/ros/jazzy/opt/gz_cmake_vendor:/opt/ros/jazzy DEBUGINFOD_URLS=https://debuginfod.ubuntu.com GAZEBO_MODEL_PATH=/home/michele-zarantonello/BFMC/BRAIN_driveops/luxonis_ws/src/traffic_sign/depthai-ros/install/depthai_descriptions GAZEBO_RESOURCE_PATH=/home/michele-zarantonello/BFMC/BRAIN_driveops/luxonis_ws/src/traffic_sign/depthai-ros/install/depthai_descriptions IGN_GAZEBO_MODEL_PATH=/home/michele-zarantonello/BFMC/BRAIN_driveops/luxonis_ws/src/traffic_sign/depthai-ros/install/depthai_descriptions IGN_GAZEBO_RESOURCE_PATH=/home/michele-zarantonello/BFMC/BRAIN_driveops/luxonis_ws/src/traffic_sign/depthai-ros/install/depthai_descriptions LD_LIBRARY_PATH=/home/michele-zarantonello/BFMC/BRAIN_driveops/luxonis_ws/src/traffic_sign/depthai-ros/install/depthai_bridge/lib:/home/michele-zarantonello/BFMC/BRAIN_driveops/luxonis_ws/src/traffic_sign/depthai-ros/install/depthai_ros_msgs/lib:${LD_LIBRARY_PATH} PYTHONPATH=/home/michele-zarantonello/BFMC/BRAIN_driveops/luxonis_ws/src/traffic_sign/depthai-ros/install/depthai_ros_msgs/lib/python3.12/site-packages:${PYTHONPATH} /usr/bin/cmake --install /home/michele-zarantonello/BFMC/BRAIN_driveops/luxonis_ws/src/traffic_sign/depthai-ros/build/depthai_examples
[258.252s] Level 1:colcon.colcon_core.environment:create_environment_scripts_only(depthai_examples)
[258.265s] DEBUG:colcon.colcon_core.event_handler.log_command:Invoked command in '/home/michele-zarantonello/BFMC/BRAIN_driveops/luxonis_ws/src/traffic_sign/depthai-ros/build/depthai_examples' returned '0': AMENT_PREFIX_PATH=/home/michele-zarantonello/BFMC/BRAIN_driveops/luxonis_ws/src/traffic_sign/depthai-ros/install/depthai_bridge:/home/michele-zarantonello/BFMC/BRAIN_driveops/luxonis_ws/src/traffic_sign/depthai-ros/install/depthai_ros_msgs:/home/michele-zarantonello/BFMC/BRAIN_driveops/luxonis_ws/src/traffic_sign/depthai-ros/install/depthai_descriptions:${AMENT_PREFIX_PATH} CMAKE_PREFIX_PATH=/home/michele-zarantonello/BFMC/BRAIN_driveops/luxonis_ws/src/traffic_sign/depthai-ros/install/depthai_bridge:/home/michele-zarantonello/BFMC/BRAIN_driveops/luxonis_ws/src/traffic_sign/depthai-ros/install/depthai_ros_msgs:/home/michele-zarantonello/BFMC/BRAIN_driveops/luxonis_ws/src/traffic_sign/depthai-ros/install/depthai_descriptions:/opt/ros/jazzy/opt/gz_sim_vendor:/opt/ros/jazzy/opt/gz_sensors_vendor:/opt/ros/jazzy/opt/gz_physics_vendor:/opt/ros/jazzy/opt/sdformat_vendor:/opt/ros/jazzy/opt/gz_gui_vendor:/opt/ros/jazzy/opt/gz_transport_vendor:/opt/ros/jazzy/opt/gz_rendering_vendor:/opt/ros/jazzy/opt/gz_plugin_vendor:/opt/ros/jazzy/opt/gz_fuel_tools_vendor:/opt/ros/jazzy/opt/gz_msgs_vendor:/opt/ros/jazzy/opt/gz_common_vendor:/opt/ros/jazzy/opt/gz_math_vendor:/opt/ros/jazzy/opt/gz_utils_vendor:/opt/ros/jazzy/opt/gz_tools_vendor:/opt/ros/jazzy/opt/gz_ogre_next_vendor:/opt/ros/jazzy/opt/gz_dartsim_vendor:/opt/ros/jazzy/opt/gz_cmake_vendor:/opt/ros/jazzy DEBUGINFOD_URLS=https://debuginfod.ubuntu.com GAZEBO_MODEL_PATH=/home/michele-zarantonello/BFMC/BRAIN_driveops/luxonis_ws/src/traffic_sign/depthai-ros/install/depthai_descriptions GAZEBO_RESOURCE_PATH=/home/michele-zarantonello/BFMC/BRAIN_driveops/luxonis_ws/src/traffic_sign/depthai-ros/install/depthai_descriptions IGN_GAZEBO_MODEL_PATH=/home/michele-zarantonello/BFMC/BRAIN_driveops/luxonis_ws/src/traffic_sign/depthai-ros/install/depthai_descriptions IGN_GAZEBO_RESOURCE_PATH=/home/michele-zarantonello/BFMC/BRAIN_driveops/luxonis_ws/src/traffic_sign/depthai-ros/install/depthai_descriptions LD_LIBRARY_PATH=/home/michele-zarantonello/BFMC/BRAIN_driveops/luxonis_ws/src/traffic_sign/depthai-ros/install/depthai_bridge/lib:/home/michele-zarantonello/BFMC/BRAIN_driveops/luxonis_ws/src/traffic_sign/depthai-ros/install/depthai_ros_msgs/lib:${LD_LIBRARY_PATH} PYTHONPATH=/home/michele-zarantonello/BFMC/BRAIN_driveops/luxonis_ws/src/traffic_sign/depthai-ros/install/depthai_ros_msgs/lib/python3.12/site-packages:${PYTHONPATH} /usr/bin/cmake --install /home/michele-zarantonello/BFMC/BRAIN_driveops/luxonis_ws/src/traffic_sign/depthai-ros/build/depthai_examples
[258.272s] Level 1:colcon.colcon_core.environment:checking '/home/michele-zarantonello/BFMC/BRAIN_driveops/luxonis_ws/src/traffic_sign/depthai-ros/install/depthai_examples' for CMake module files
[258.277s] Level 1:colcon.colcon_core.environment:checking '/home/michele-zarantonello/BFMC/BRAIN_driveops/luxonis_ws/src/traffic_sign/depthai-ros/install/depthai_examples' for CMake config files
[258.277s] Level 1:colcon.colcon_core.shell:create_environment_hook('depthai_examples', 'cmake_prefix_path')
[258.282s] INFO:colcon.colcon_core.shell:Creating environment hook '/home/michele-zarantonello/BFMC/BRAIN_driveops/luxonis_ws/src/traffic_sign/depthai-ros/install/depthai_examples/share/depthai_examples/hook/cmake_prefix_path.ps1'
[258.305s] INFO:colcon.colcon_core.shell:Creating environment descriptor '/home/michele-zarantonello/BFMC/BRAIN_driveops/luxonis_ws/src/traffic_sign/depthai-ros/install/depthai_examples/share/depthai_examples/hook/cmake_prefix_path.dsv'
[258.306s] INFO:colcon.colcon_core.shell:Creating environment hook '/home/michele-zarantonello/BFMC/BRAIN_driveops/luxonis_ws/src/traffic_sign/depthai-ros/install/depthai_examples/share/depthai_examples/hook/cmake_prefix_path.sh'
[258.316s] Level 1:colcon.colcon_core.environment:checking '/home/michele-zarantonello/BFMC/BRAIN_driveops/luxonis_ws/src/traffic_sign/depthai-ros/install/depthai_examples/lib'
[258.317s] Level 1:colcon.colcon_core.environment:checking '/home/michele-zarantonello/BFMC/BRAIN_driveops/luxonis_ws/src/traffic_sign/depthai-ros/install/depthai_examples/bin'
[258.319s] Level 1:colcon.colcon_core.environment:checking '/home/michele-zarantonello/BFMC/BRAIN_driveops/luxonis_ws/src/traffic_sign/depthai-ros/install/depthai_examples/lib/pkgconfig/depthai_examples.pc'
[258.327s] Level 1:colcon.colcon_core.environment:checking '/home/michele-zarantonello/BFMC/BRAIN_driveops/luxonis_ws/src/traffic_sign/depthai-ros/install/depthai_examples/lib/python3.12/site-packages'
[258.328s] Level 1:colcon.colcon_core.environment:checking '/home/michele-zarantonello/BFMC/BRAIN_driveops/luxonis_ws/src/traffic_sign/depthai-ros/install/depthai_examples/bin'
[258.331s] INFO:colcon.colcon_core.shell:Creating package script '/home/michele-zarantonello/BFMC/BRAIN_driveops/luxonis_ws/src/traffic_sign/depthai-ros/install/depthai_examples/share/depthai_examples/package.ps1'
[258.336s] INFO:colcon.colcon_core.shell:Creating package descriptor '/home/michele-zarantonello/BFMC/BRAIN_driveops/luxonis_ws/src/traffic_sign/depthai-ros/install/depthai_examples/share/depthai_examples/package.dsv'
[258.340s] INFO:colcon.colcon_core.shell:Creating package script '/home/michele-zarantonello/BFMC/BRAIN_driveops/luxonis_ws/src/traffic_sign/depthai-ros/install/depthai_examples/share/depthai_examples/package.sh'
[258.344s] INFO:colcon.colcon_core.shell:Creating package script '/home/michele-zarantonello/BFMC/BRAIN_driveops/luxonis_ws/src/traffic_sign/depthai-ros/install/depthai_examples/share/depthai_examples/package.bash'
[258.348s] INFO:colcon.colcon_core.shell:Creating package script '/home/michele-zarantonello/BFMC/BRAIN_driveops/luxonis_ws/src/traffic_sign/depthai-ros/install/depthai_examples/share/depthai_examples/package.zsh'
[258.351s] Level 1:colcon.colcon_core.environment:create_file_with_runtime_dependencies(/home/michele-zarantonello/BFMC/BRAIN_driveops/luxonis_ws/src/traffic_sign/depthai-ros/install/depthai_examples/share/colcon-core/packages/depthai_examples)
[258.357s] Level 1:colcon.colcon_core.environment:create_environment_scripts_only(depthai_examples)
[258.358s] Level 1:colcon.colcon_core.environment:checking '/home/michele-zarantonello/BFMC/BRAIN_driveops/luxonis_ws/src/traffic_sign/depthai-ros/install/depthai_examples' for CMake module files
[258.360s] Level 1:colcon.colcon_core.environment:checking '/home/michele-zarantonello/BFMC/BRAIN_driveops/luxonis_ws/src/traffic_sign/depthai-ros/install/depthai_examples' for CMake config files
[258.362s] Level 1:colcon.colcon_core.shell:create_environment_hook('depthai_examples', 'cmake_prefix_path')
[258.363s] INFO:colcon.colcon_core.shell:Creating environment hook '/home/michele-zarantonello/BFMC/BRAIN_driveops/luxonis_ws/src/traffic_sign/depthai-ros/install/depthai_examples/share/depthai_examples/hook/cmake_prefix_path.ps1'
[258.364s] INFO:colcon.colcon_core.shell:Creating environment descriptor '/home/michele-zarantonello/BFMC/BRAIN_driveops/luxonis_ws/src/traffic_sign/depthai-ros/install/depthai_examples/share/depthai_examples/hook/cmake_prefix_path.dsv'
[258.366s] INFO:colcon.colcon_core.shell:Creating environment hook '/home/michele-zarantonello/BFMC/BRAIN_driveops/luxonis_ws/src/traffic_sign/depthai-ros/install/depthai_examples/share/depthai_examples/hook/cmake_prefix_path.sh'
[258.368s] Level 1:colcon.colcon_core.environment:checking '/home/michele-zarantonello/BFMC/BRAIN_driveops/luxonis_ws/src/traffic_sign/depthai-ros/install/depthai_examples/lib'
[258.369s] Level 1:colcon.colcon_core.environment:checking '/home/michele-zarantonello/BFMC/BRAIN_driveops/luxonis_ws/src/traffic_sign/depthai-ros/install/depthai_examples/bin'
[258.369s] Level 1:colcon.colcon_core.environment:checking '/home/michele-zarantonello/BFMC/BRAIN_driveops/luxonis_ws/src/traffic_sign/depthai-ros/install/depthai_examples/lib/pkgconfig/depthai_examples.pc'
[258.370s] Level 1:colcon.colcon_core.environment:checking '/home/michele-zarantonello/BFMC/BRAIN_driveops/luxonis_ws/src/traffic_sign/depthai-ros/install/depthai_examples/lib/python3.12/site-packages'
[258.370s] Level 1:colcon.colcon_core.environment:checking '/home/michele-zarantonello/BFMC/BRAIN_driveops/luxonis_ws/src/traffic_sign/depthai-ros/install/depthai_examples/bin'
[258.371s] INFO:colcon.colcon_core.shell:Creating package script '/home/michele-zarantonello/BFMC/BRAIN_driveops/luxonis_ws/src/traffic_sign/depthai-ros/install/depthai_examples/share/depthai_examples/package.ps1'
[258.373s] INFO:colcon.colcon_core.shell:Creating package descriptor '/home/michele-zarantonello/BFMC/BRAIN_driveops/luxonis_ws/src/traffic_sign/depthai-ros/install/depthai_examples/share/depthai_examples/package.dsv'
[258.374s] INFO:colcon.colcon_core.shell:Creating package script '/home/michele-zarantonello/BFMC/BRAIN_driveops/luxonis_ws/src/traffic_sign/depthai-ros/install/depthai_examples/share/depthai_examples/package.sh'
[258.376s] INFO:colcon.colcon_core.shell:Creating package script '/home/michele-zarantonello/BFMC/BRAIN_driveops/luxonis_ws/src/traffic_sign/depthai-ros/install/depthai_examples/share/depthai_examples/package.bash'
[258.377s] INFO:colcon.colcon_core.shell:Creating package script '/home/michele-zarantonello/BFMC/BRAIN_driveops/luxonis_ws/src/traffic_sign/depthai-ros/install/depthai_examples/share/depthai_examples/package.zsh'
[258.377s] Level 1:colcon.colcon_core.environment:create_file_with_runtime_dependencies(/home/michele-zarantonello/BFMC/BRAIN_driveops/luxonis_ws/src/traffic_sign/depthai-ros/install/depthai_examples/share/colcon-core/packages/depthai_examples)
[258.380s] INFO:colcon.colcon_ros.task.ament_cmake.build:Building ROS package in '/home/michele-zarantonello/BFMC/BRAIN_driveops/luxonis_ws/src/traffic_sign/depthai-ros/depthai-ros/depthai_ros_driver' with build type 'ament_cmake'
[258.381s] INFO:colcon.colcon_cmake.task.cmake.build:Building CMake package in '/home/michele-zarantonello/BFMC/BRAIN_driveops/luxonis_ws/src/traffic_sign/depthai-ros/depthai-ros/depthai_ros_driver'
[258.382s] INFO:colcon.colcon_core.shell:Skip shell extension 'powershell' for command environment: Not usable outside of PowerShell
[258.383s] DEBUG:colcon.colcon_core.shell:Skip shell extension 'dsv' for command environment
[258.443s] DEBUG:colcon.colcon_core.event_handler.log_command:Invoking command in '/home/michele-zarantonello/BFMC/BRAIN_driveops/luxonis_ws/src/traffic_sign/depthai-ros/build/depthai_ros_driver': AMENT_PREFIX_PATH=/home/michele-zarantonello/BFMC/BRAIN_driveops/luxonis_ws/src/traffic_sign/depthai-ros/install/depthai_examples:/home/michele-zarantonello/BFMC/BRAIN_driveops/luxonis_ws/src/traffic_sign/depthai-ros/install/depthai_bridge:/home/michele-zarantonello/BFMC/BRAIN_driveops/luxonis_ws/src/traffic_sign/depthai-ros/install/depthai_ros_msgs:/home/michele-zarantonello/BFMC/BRAIN_driveops/luxonis_ws/src/traffic_sign/depthai-ros/install/depthai_descriptions:${AMENT_PREFIX_PATH} CMAKE_PREFIX_PATH=/home/michele-zarantonello/BFMC/BRAIN_driveops/luxonis_ws/src/traffic_sign/depthai-ros/install/depthai_examples:/home/michele-zarantonello/BFMC/BRAIN_driveops/luxonis_ws/src/traffic_sign/depthai-ros/install/depthai_bridge:/home/michele-zarantonello/BFMC/BRAIN_driveops/luxonis_ws/src/traffic_sign/depthai-ros/install/depthai_ros_msgs:/home/michele-zarantonello/BFMC/BRAIN_driveops/luxonis_ws/src/traffic_sign/depthai-ros/install/depthai_descriptions:/opt/ros/jazzy/opt/gz_sim_vendor:/opt/ros/jazzy/opt/gz_sensors_vendor:/opt/ros/jazzy/opt/gz_physics_vendor:/opt/ros/jazzy/opt/sdformat_vendor:/opt/ros/jazzy/opt/gz_gui_vendor:/opt/ros/jazzy/opt/gz_transport_vendor:/opt/ros/jazzy/opt/gz_rendering_vendor:/opt/ros/jazzy/opt/gz_plugin_vendor:/opt/ros/jazzy/opt/gz_fuel_tools_vendor:/opt/ros/jazzy/opt/gz_msgs_vendor:/opt/ros/jazzy/opt/gz_common_vendor:/opt/ros/jazzy/opt/gz_math_vendor:/opt/ros/jazzy/opt/gz_utils_vendor:/opt/ros/jazzy/opt/gz_tools_vendor:/opt/ros/jazzy/opt/gz_ogre_next_vendor:/opt/ros/jazzy/opt/gz_dartsim_vendor:/opt/ros/jazzy/opt/gz_cmake_vendor:/opt/ros/jazzy DEBUGINFOD_URLS=https://debuginfod.ubuntu.com GAZEBO_MODEL_PATH=/home/michele-zarantonello/BFMC/BRAIN_driveops/luxonis_ws/src/traffic_sign/depthai-ros/install/depthai_descriptions GAZEBO_RESOURCE_PATH=/home/michele-zarantonello/BFMC/BRAIN_driveops/luxonis_ws/src/traffic_sign/depthai-ros/install/depthai_descriptions IGN_GAZEBO_MODEL_PATH=/home/michele-zarantonello/BFMC/BRAIN_driveops/luxonis_ws/src/traffic_sign/depthai-ros/install/depthai_descriptions IGN_GAZEBO_RESOURCE_PATH=/home/michele-zarantonello/BFMC/BRAIN_driveops/luxonis_ws/src/traffic_sign/depthai-ros/install/depthai_descriptions LD_LIBRARY_PATH=/home/michele-zarantonello/BFMC/BRAIN_driveops/luxonis_ws/src/traffic_sign/depthai-ros/install/depthai_bridge/lib:/home/michele-zarantonello/BFMC/BRAIN_driveops/luxonis_ws/src/traffic_sign/depthai-ros/install/depthai_ros_msgs/lib:${LD_LIBRARY_PATH} PYTHONPATH=/home/michele-zarantonello/BFMC/BRAIN_driveops/luxonis_ws/src/traffic_sign/depthai-ros/install/depthai_ros_msgs/lib/python3.12/site-packages:${PYTHONPATH} /usr/bin/cmake /home/michele-zarantonello/BFMC/BRAIN_driveops/luxonis_ws/src/traffic_sign/depthai-ros/depthai-ros/depthai_ros_driver -DMAKE_BUILD_TYPE=Release -DAMENT_CMAKE_SYMLINK_INSTALL=1 -DCMAKE_INSTALL_PREFIX=/home/michele-zarantonello/BFMC/BRAIN_driveops/luxonis_ws/src/traffic_sign/depthai-ros/install/depthai_ros_driver
[261.266s] DEBUG:colcon.colcon_core.event_handler.log_command:Invoked command in '/home/michele-zarantonello/BFMC/BRAIN_driveops/luxonis_ws/src/traffic_sign/depthai-ros/build/depthai_ros_driver' returned '0': AMENT_PREFIX_PATH=/home/michele-zarantonello/BFMC/BRAIN_driveops/luxonis_ws/src/traffic_sign/depthai-ros/install/depthai_examples:/home/michele-zarantonello/BFMC/BRAIN_driveops/luxonis_ws/src/traffic_sign/depthai-ros/install/depthai_bridge:/home/michele-zarantonello/BFMC/BRAIN_driveops/luxonis_ws/src/traffic_sign/depthai-ros/install/depthai_ros_msgs:/home/michele-zarantonello/BFMC/BRAIN_driveops/luxonis_ws/src/traffic_sign/depthai-ros/install/depthai_descriptions:${AMENT_PREFIX_PATH} CMAKE_PREFIX_PATH=/home/michele-zarantonello/BFMC/BRAIN_driveops/luxonis_ws/src/traffic_sign/depthai-ros/install/depthai_examples:/home/michele-zarantonello/BFMC/BRAIN_driveops/luxonis_ws/src/traffic_sign/depthai-ros/install/depthai_bridge:/home/michele-zarantonello/BFMC/BRAIN_driveops/luxonis_ws/src/traffic_sign/depthai-ros/install/depthai_ros_msgs:/home/michele-zarantonello/BFMC/BRAIN_driveops/luxonis_ws/src/traffic_sign/depthai-ros/install/depthai_descriptions:/opt/ros/jazzy/opt/gz_sim_vendor:/opt/ros/jazzy/opt/gz_sensors_vendor:/opt/ros/jazzy/opt/gz_physics_vendor:/opt/ros/jazzy/opt/sdformat_vendor:/opt/ros/jazzy/opt/gz_gui_vendor:/opt/ros/jazzy/opt/gz_transport_vendor:/opt/ros/jazzy/opt/gz_rendering_vendor:/opt/ros/jazzy/opt/gz_plugin_vendor:/opt/ros/jazzy/opt/gz_fuel_tools_vendor:/opt/ros/jazzy/opt/gz_msgs_vendor:/opt/ros/jazzy/opt/gz_common_vendor:/opt/ros/jazzy/opt/gz_math_vendor:/opt/ros/jazzy/opt/gz_utils_vendor:/opt/ros/jazzy/opt/gz_tools_vendor:/opt/ros/jazzy/opt/gz_ogre_next_vendor:/opt/ros/jazzy/opt/gz_dartsim_vendor:/opt/ros/jazzy/opt/gz_cmake_vendor:/opt/ros/jazzy DEBUGINFOD_URLS=https://debuginfod.ubuntu.com GAZEBO_MODEL_PATH=/home/michele-zarantonello/BFMC/BRAIN_driveops/luxonis_ws/src/traffic_sign/depthai-ros/install/depthai_descriptions GAZEBO_RESOURCE_PATH=/home/michele-zarantonello/BFMC/BRAIN_driveops/luxonis_ws/src/traffic_sign/depthai-ros/install/depthai_descriptions IGN_GAZEBO_MODEL_PATH=/home/michele-zarantonello/BFMC/BRAIN_driveops/luxonis_ws/src/traffic_sign/depthai-ros/install/depthai_descriptions IGN_GAZEBO_RESOURCE_PATH=/home/michele-zarantonello/BFMC/BRAIN_driveops/luxonis_ws/src/traffic_sign/depthai-ros/install/depthai_descriptions LD_LIBRARY_PATH=/home/michele-zarantonello/BFMC/BRAIN_driveops/luxonis_ws/src/traffic_sign/depthai-ros/install/depthai_bridge/lib:/home/michele-zarantonello/BFMC/BRAIN_driveops/luxonis_ws/src/traffic_sign/depthai-ros/install/depthai_ros_msgs/lib:${LD_LIBRARY_PATH} PYTHONPATH=/home/michele-zarantonello/BFMC/BRAIN_driveops/luxonis_ws/src/traffic_sign/depthai-ros/install/depthai_ros_msgs/lib/python3.12/site-packages:${PYTHONPATH} /usr/bin/cmake /home/michele-zarantonello/BFMC/BRAIN_driveops/luxonis_ws/src/traffic_sign/depthai-ros/depthai-ros/depthai_ros_driver -DMAKE_BUILD_TYPE=Release -DAMENT_CMAKE_SYMLINK_INSTALL=1 -DCMAKE_INSTALL_PREFIX=/home/michele-zarantonello/BFMC/BRAIN_driveops/luxonis_ws/src/traffic_sign/depthai-ros/install/depthai_ros_driver
[261.269s] DEBUG:colcon.colcon_core.event_handler.log_command:Invoking command in '/home/michele-zarantonello/BFMC/BRAIN_driveops/luxonis_ws/src/traffic_sign/depthai-ros/build/depthai_ros_driver': AMENT_PREFIX_PATH=/home/michele-zarantonello/BFMC/BRAIN_driveops/luxonis_ws/src/traffic_sign/depthai-ros/install/depthai_examples:/home/michele-zarantonello/BFMC/BRAIN_driveops/luxonis_ws/src/traffic_sign/depthai-ros/install/depthai_bridge:/home/michele-zarantonello/BFMC/BRAIN_driveops/luxonis_ws/src/traffic_sign/depthai-ros/install/depthai_ros_msgs:/home/michele-zarantonello/BFMC/BRAIN_driveops/luxonis_ws/src/traffic_sign/depthai-ros/install/depthai_descriptions:${AMENT_PREFIX_PATH} CMAKE_PREFIX_PATH=/home/michele-zarantonello/BFMC/BRAIN_driveops/luxonis_ws/src/traffic_sign/depthai-ros/install/depthai_examples:/home/michele-zarantonello/BFMC/BRAIN_driveops/luxonis_ws/src/traffic_sign/depthai-ros/install/depthai_bridge:/home/michele-zarantonello/BFMC/BRAIN_driveops/luxonis_ws/src/traffic_sign/depthai-ros/install/depthai_ros_msgs:/home/michele-zarantonello/BFMC/BRAIN_driveops/luxonis_ws/src/traffic_sign/depthai-ros/install/depthai_descriptions:/opt/ros/jazzy/opt/gz_sim_vendor:/opt/ros/jazzy/opt/gz_sensors_vendor:/opt/ros/jazzy/opt/gz_physics_vendor:/opt/ros/jazzy/opt/sdformat_vendor:/opt/ros/jazzy/opt/gz_gui_vendor:/opt/ros/jazzy/opt/gz_transport_vendor:/opt/ros/jazzy/opt/gz_rendering_vendor:/opt/ros/jazzy/opt/gz_plugin_vendor:/opt/ros/jazzy/opt/gz_fuel_tools_vendor:/opt/ros/jazzy/opt/gz_msgs_vendor:/opt/ros/jazzy/opt/gz_common_vendor:/opt/ros/jazzy/opt/gz_math_vendor:/opt/ros/jazzy/opt/gz_utils_vendor:/opt/ros/jazzy/opt/gz_tools_vendor:/opt/ros/jazzy/opt/gz_ogre_next_vendor:/opt/ros/jazzy/opt/gz_dartsim_vendor:/opt/ros/jazzy/opt/gz_cmake_vendor:/opt/ros/jazzy DEBUGINFOD_URLS=https://debuginfod.ubuntu.com GAZEBO_MODEL_PATH=/home/michele-zarantonello/BFMC/BRAIN_driveops/luxonis_ws/src/traffic_sign/depthai-ros/install/depthai_descriptions GAZEBO_RESOURCE_PATH=/home/michele-zarantonello/BFMC/BRAIN_driveops/luxonis_ws/src/traffic_sign/depthai-ros/install/depthai_descriptions IGN_GAZEBO_MODEL_PATH=/home/michele-zarantonello/BFMC/BRAIN_driveops/luxonis_ws/src/traffic_sign/depthai-ros/install/depthai_descriptions IGN_GAZEBO_RESOURCE_PATH=/home/michele-zarantonello/BFMC/BRAIN_driveops/luxonis_ws/src/traffic_sign/depthai-ros/install/depthai_descriptions LD_LIBRARY_PATH=/home/michele-zarantonello/BFMC/BRAIN_driveops/luxonis_ws/src/traffic_sign/depthai-ros/install/depthai_bridge/lib:/home/michele-zarantonello/BFMC/BRAIN_driveops/luxonis_ws/src/traffic_sign/depthai-ros/install/depthai_ros_msgs/lib:${LD_LIBRARY_PATH} PYTHONPATH=/home/michele-zarantonello/BFMC/BRAIN_driveops/luxonis_ws/src/traffic_sign/depthai-ros/install/depthai_ros_msgs/lib/python3.12/site-packages:${PYTHONPATH} /usr/bin/cmake --build /home/michele-zarantonello/BFMC/BRAIN_driveops/luxonis_ws/src/traffic_sign/depthai-ros/build/depthai_ros_driver -- -j8 -l8
[394.734s] DEBUG:colcon.colcon_core.event_handler.log_command:Invoked command in '/home/michele-zarantonello/BFMC/BRAIN_driveops/luxonis_ws/src/traffic_sign/depthai-ros/build/depthai_ros_driver' returned '0': AMENT_PREFIX_PATH=/home/michele-zarantonello/BFMC/BRAIN_driveops/luxonis_ws/src/traffic_sign/depthai-ros/install/depthai_examples:/home/michele-zarantonello/BFMC/BRAIN_driveops/luxonis_ws/src/traffic_sign/depthai-ros/install/depthai_bridge:/home/michele-zarantonello/BFMC/BRAIN_driveops/luxonis_ws/src/traffic_sign/depthai-ros/install/depthai_ros_msgs:/home/michele-zarantonello/BFMC/BRAIN_driveops/luxonis_ws/src/traffic_sign/depthai-ros/install/depthai_descriptions:${AMENT_PREFIX_PATH} CMAKE_PREFIX_PATH=/home/michele-zarantonello/BFMC/BRAIN_driveops/luxonis_ws/src/traffic_sign/depthai-ros/install/depthai_examples:/home/michele-zarantonello/BFMC/BRAIN_driveops/luxonis_ws/src/traffic_sign/depthai-ros/install/depthai_bridge:/home/michele-zarantonello/BFMC/BRAIN_driveops/luxonis_ws/src/traffic_sign/depthai-ros/install/depthai_ros_msgs:/home/michele-zarantonello/BFMC/BRAIN_driveops/luxonis_ws/src/traffic_sign/depthai-ros/install/depthai_descriptions:/opt/ros/jazzy/opt/gz_sim_vendor:/opt/ros/jazzy/opt/gz_sensors_vendor:/opt/ros/jazzy/opt/gz_physics_vendor:/opt/ros/jazzy/opt/sdformat_vendor:/opt/ros/jazzy/opt/gz_gui_vendor:/opt/ros/jazzy/opt/gz_transport_vendor:/opt/ros/jazzy/opt/gz_rendering_vendor:/opt/ros/jazzy/opt/gz_plugin_vendor:/opt/ros/jazzy/opt/gz_fuel_tools_vendor:/opt/ros/jazzy/opt/gz_msgs_vendor:/opt/ros/jazzy/opt/gz_common_vendor:/opt/ros/jazzy/opt/gz_math_vendor:/opt/ros/jazzy/opt/gz_utils_vendor:/opt/ros/jazzy/opt/gz_tools_vendor:/opt/ros/jazzy/opt/gz_ogre_next_vendor:/opt/ros/jazzy/opt/gz_dartsim_vendor:/opt/ros/jazzy/opt/gz_cmake_vendor:/opt/ros/jazzy DEBUGINFOD_URLS=https://debuginfod.ubuntu.com GAZEBO_MODEL_PATH=/home/michele-zarantonello/BFMC/BRAIN_driveops/luxonis_ws/src/traffic_sign/depthai-ros/install/depthai_descriptions GAZEBO_RESOURCE_PATH=/home/michele-zarantonello/BFMC/BRAIN_driveops/luxonis_ws/src/traffic_sign/depthai-ros/install/depthai_descriptions IGN_GAZEBO_MODEL_PATH=/home/michele-zarantonello/BFMC/BRAIN_driveops/luxonis_ws/src/traffic_sign/depthai-ros/install/depthai_descriptions IGN_GAZEBO_RESOURCE_PATH=/home/michele-zarantonello/BFMC/BRAIN_driveops/luxonis_ws/src/traffic_sign/depthai-ros/install/depthai_descriptions LD_LIBRARY_PATH=/home/michele-zarantonello/BFMC/BRAIN_driveops/luxonis_ws/src/traffic_sign/depthai-ros/install/depthai_bridge/lib:/home/michele-zarantonello/BFMC/BRAIN_driveops/luxonis_ws/src/traffic_sign/depthai-ros/install/depthai_ros_msgs/lib:${LD_LIBRARY_PATH} PYTHONPATH=/home/michele-zarantonello/BFMC/BRAIN_driveops/luxonis_ws/src/traffic_sign/depthai-ros/install/depthai_ros_msgs/lib/python3.12/site-packages:${PYTHONPATH} /usr/bin/cmake --build /home/michele-zarantonello/BFMC/BRAIN_driveops/luxonis_ws/src/traffic_sign/depthai-ros/build/depthai_ros_driver -- -j8 -l8
[394.789s] DEBUG:colcon.colcon_core.event_handler.log_command:Invoking command in '/home/michele-zarantonello/BFMC/BRAIN_driveops/luxonis_ws/src/traffic_sign/depthai-ros/build/depthai_ros_driver': AMENT_PREFIX_PATH=/home/michele-zarantonello/BFMC/BRAIN_driveops/luxonis_ws/src/traffic_sign/depthai-ros/install/depthai_examples:/home/michele-zarantonello/BFMC/BRAIN_driveops/luxonis_ws/src/traffic_sign/depthai-ros/install/depthai_bridge:/home/michele-zarantonello/BFMC/BRAIN_driveops/luxonis_ws/src/traffic_sign/depthai-ros/install/depthai_ros_msgs:/home/michele-zarantonello/BFMC/BRAIN_driveops/luxonis_ws/src/traffic_sign/depthai-ros/install/depthai_descriptions:${AMENT_PREFIX_PATH} CMAKE_PREFIX_PATH=/home/michele-zarantonello/BFMC/BRAIN_driveops/luxonis_ws/src/traffic_sign/depthai-ros/install/depthai_examples:/home/michele-zarantonello/BFMC/BRAIN_driveops/luxonis_ws/src/traffic_sign/depthai-ros/install/depthai_bridge:/home/michele-zarantonello/BFMC/BRAIN_driveops/luxonis_ws/src/traffic_sign/depthai-ros/install/depthai_ros_msgs:/home/michele-zarantonello/BFMC/BRAIN_driveops/luxonis_ws/src/traffic_sign/depthai-ros/install/depthai_descriptions:/opt/ros/jazzy/opt/gz_sim_vendor:/opt/ros/jazzy/opt/gz_sensors_vendor:/opt/ros/jazzy/opt/gz_physics_vendor:/opt/ros/jazzy/opt/sdformat_vendor:/opt/ros/jazzy/opt/gz_gui_vendor:/opt/ros/jazzy/opt/gz_transport_vendor:/opt/ros/jazzy/opt/gz_rendering_vendor:/opt/ros/jazzy/opt/gz_plugin_vendor:/opt/ros/jazzy/opt/gz_fuel_tools_vendor:/opt/ros/jazzy/opt/gz_msgs_vendor:/opt/ros/jazzy/opt/gz_common_vendor:/opt/ros/jazzy/opt/gz_math_vendor:/opt/ros/jazzy/opt/gz_utils_vendor:/opt/ros/jazzy/opt/gz_tools_vendor:/opt/ros/jazzy/opt/gz_ogre_next_vendor:/opt/ros/jazzy/opt/gz_dartsim_vendor:/opt/ros/jazzy/opt/gz_cmake_vendor:/opt/ros/jazzy DEBUGINFOD_URLS=https://debuginfod.ubuntu.com GAZEBO_MODEL_PATH=/home/michele-zarantonello/BFMC/BRAIN_driveops/luxonis_ws/src/traffic_sign/depthai-ros/install/depthai_descriptions GAZEBO_RESOURCE_PATH=/home/michele-zarantonello/BFMC/BRAIN_driveops/luxonis_ws/src/traffic_sign/depthai-ros/install/depthai_descriptions IGN_GAZEBO_MODEL_PATH=/home/michele-zarantonello/BFMC/BRAIN_driveops/luxonis_ws/src/traffic_sign/depthai-ros/install/depthai_descriptions IGN_GAZEBO_RESOURCE_PATH=/home/michele-zarantonello/BFMC/BRAIN_driveops/luxonis_ws/src/traffic_sign/depthai-ros/install/depthai_descriptions LD_LIBRARY_PATH=/home/michele-zarantonello/BFMC/BRAIN_driveops/luxonis_ws/src/traffic_sign/depthai-ros/install/depthai_bridge/lib:/home/michele-zarantonello/BFMC/BRAIN_driveops/luxonis_ws/src/traffic_sign/depthai-ros/install/depthai_ros_msgs/lib:${LD_LIBRARY_PATH} PYTHONPATH=/home/michele-zarantonello/BFMC/BRAIN_driveops/luxonis_ws/src/traffic_sign/depthai-ros/install/depthai_ros_msgs/lib/python3.12/site-packages:${PYTHONPATH} /usr/bin/cmake --install /home/michele-zarantonello/BFMC/BRAIN_driveops/luxonis_ws/src/traffic_sign/depthai-ros/build/depthai_ros_driver
[395.867s] Level 1:colcon.colcon_core.environment:create_environment_scripts_only(depthai_ros_driver)
[395.875s] DEBUG:colcon.colcon_core.event_handler.log_command:Invoked command in '/home/michele-zarantonello/BFMC/BRAIN_driveops/luxonis_ws/src/traffic_sign/depthai-ros/build/depthai_ros_driver' returned '0': AMENT_PREFIX_PATH=/home/michele-zarantonello/BFMC/BRAIN_driveops/luxonis_ws/src/traffic_sign/depthai-ros/install/depthai_examples:/home/michele-zarantonello/BFMC/BRAIN_driveops/luxonis_ws/src/traffic_sign/depthai-ros/install/depthai_bridge:/home/michele-zarantonello/BFMC/BRAIN_driveops/luxonis_ws/src/traffic_sign/depthai-ros/install/depthai_ros_msgs:/home/michele-zarantonello/BFMC/BRAIN_driveops/luxonis_ws/src/traffic_sign/depthai-ros/install/depthai_descriptions:${AMENT_PREFIX_PATH} CMAKE_PREFIX_PATH=/home/michele-zarantonello/BFMC/BRAIN_driveops/luxonis_ws/src/traffic_sign/depthai-ros/install/depthai_examples:/home/michele-zarantonello/BFMC/BRAIN_driveops/luxonis_ws/src/traffic_sign/depthai-ros/install/depthai_bridge:/home/michele-zarantonello/BFMC/BRAIN_driveops/luxonis_ws/src/traffic_sign/depthai-ros/install/depthai_ros_msgs:/home/michele-zarantonello/BFMC/BRAIN_driveops/luxonis_ws/src/traffic_sign/depthai-ros/install/depthai_descriptions:/opt/ros/jazzy/opt/gz_sim_vendor:/opt/ros/jazzy/opt/gz_sensors_vendor:/opt/ros/jazzy/opt/gz_physics_vendor:/opt/ros/jazzy/opt/sdformat_vendor:/opt/ros/jazzy/opt/gz_gui_vendor:/opt/ros/jazzy/opt/gz_transport_vendor:/opt/ros/jazzy/opt/gz_rendering_vendor:/opt/ros/jazzy/opt/gz_plugin_vendor:/opt/ros/jazzy/opt/gz_fuel_tools_vendor:/opt/ros/jazzy/opt/gz_msgs_vendor:/opt/ros/jazzy/opt/gz_common_vendor:/opt/ros/jazzy/opt/gz_math_vendor:/opt/ros/jazzy/opt/gz_utils_vendor:/opt/ros/jazzy/opt/gz_tools_vendor:/opt/ros/jazzy/opt/gz_ogre_next_vendor:/opt/ros/jazzy/opt/gz_dartsim_vendor:/opt/ros/jazzy/opt/gz_cmake_vendor:/opt/ros/jazzy DEBUGINFOD_URLS=https://debuginfod.ubuntu.com GAZEBO_MODEL_PATH=/home/michele-zarantonello/BFMC/BRAIN_driveops/luxonis_ws/src/traffic_sign/depthai-ros/install/depthai_descriptions GAZEBO_RESOURCE_PATH=/home/michele-zarantonello/BFMC/BRAIN_driveops/luxonis_ws/src/traffic_sign/depthai-ros/install/depthai_descriptions IGN_GAZEBO_MODEL_PATH=/home/michele-zarantonello/BFMC/BRAIN_driveops/luxonis_ws/src/traffic_sign/depthai-ros/install/depthai_descriptions IGN_GAZEBO_RESOURCE_PATH=/home/michele-zarantonello/BFMC/BRAIN_driveops/luxonis_ws/src/traffic_sign/depthai-ros/install/depthai_descriptions LD_LIBRARY_PATH=/home/michele-zarantonello/BFMC/BRAIN_driveops/luxonis_ws/src/traffic_sign/depthai-ros/install/depthai_bridge/lib:/home/michele-zarantonello/BFMC/BRAIN_driveops/luxonis_ws/src/traffic_sign/depthai-ros/install/depthai_ros_msgs/lib:${LD_LIBRARY_PATH} PYTHONPATH=/home/michele-zarantonello/BFMC/BRAIN_driveops/luxonis_ws/src/traffic_sign/depthai-ros/install/depthai_ros_msgs/lib/python3.12/site-packages:${PYTHONPATH} /usr/bin/cmake --install /home/michele-zarantonello/BFMC/BRAIN_driveops/luxonis_ws/src/traffic_sign/depthai-ros/build/depthai_ros_driver
[395.896s] Level 1:colcon.colcon_core.environment:checking '/home/michele-zarantonello/BFMC/BRAIN_driveops/luxonis_ws/src/traffic_sign/depthai-ros/install/depthai_ros_driver' for CMake module files
[395.903s] Level 1:colcon.colcon_core.environment:checking '/home/michele-zarantonello/BFMC/BRAIN_driveops/luxonis_ws/src/traffic_sign/depthai-ros/install/depthai_ros_driver' for CMake config files
[395.907s] Level 1:colcon.colcon_core.shell:create_environment_hook('depthai_ros_driver', 'cmake_prefix_path')
[395.914s] INFO:colcon.colcon_core.shell:Creating environment hook '/home/michele-zarantonello/BFMC/BRAIN_driveops/luxonis_ws/src/traffic_sign/depthai-ros/install/depthai_ros_driver/share/depthai_ros_driver/hook/cmake_prefix_path.ps1'
[395.941s] INFO:colcon.colcon_core.shell:Creating environment descriptor '/home/michele-zarantonello/BFMC/BRAIN_driveops/luxonis_ws/src/traffic_sign/depthai-ros/install/depthai_ros_driver/share/depthai_ros_driver/hook/cmake_prefix_path.dsv'
[395.943s] INFO:colcon.colcon_core.shell:Creating environment hook '/home/michele-zarantonello/BFMC/BRAIN_driveops/luxonis_ws/src/traffic_sign/depthai-ros/install/depthai_ros_driver/share/depthai_ros_driver/hook/cmake_prefix_path.sh'
[395.952s] Level 1:colcon.colcon_core.environment:checking '/home/michele-zarantonello/BFMC/BRAIN_driveops/luxonis_ws/src/traffic_sign/depthai-ros/install/depthai_ros_driver/lib'
[395.953s] Level 1:colcon.colcon_core.shell:create_environment_hook('depthai_ros_driver', 'ld_library_path_lib')
[395.954s] INFO:colcon.colcon_core.shell:Creating environment hook '/home/michele-zarantonello/BFMC/BRAIN_driveops/luxonis_ws/src/traffic_sign/depthai-ros/install/depthai_ros_driver/share/depthai_ros_driver/hook/ld_library_path_lib.ps1'
[395.955s] INFO:colcon.colcon_core.shell:Creating environment descriptor '/home/michele-zarantonello/BFMC/BRAIN_driveops/luxonis_ws/src/traffic_sign/depthai-ros/install/depthai_ros_driver/share/depthai_ros_driver/hook/ld_library_path_lib.dsv'
[395.955s] INFO:colcon.colcon_core.shell:Creating environment hook '/home/michele-zarantonello/BFMC/BRAIN_driveops/luxonis_ws/src/traffic_sign/depthai-ros/install/depthai_ros_driver/share/depthai_ros_driver/hook/ld_library_path_lib.sh'
[395.956s] Level 1:colcon.colcon_core.environment:checking '/home/michele-zarantonello/BFMC/BRAIN_driveops/luxonis_ws/src/traffic_sign/depthai-ros/install/depthai_ros_driver/bin'
[395.959s] Level 1:colcon.colcon_core.environment:checking '/home/michele-zarantonello/BFMC/BRAIN_driveops/luxonis_ws/src/traffic_sign/depthai-ros/install/depthai_ros_driver/lib/pkgconfig/depthai_ros_driver.pc'
[395.968s] Level 1:colcon.colcon_core.environment:checking '/home/michele-zarantonello/BFMC/BRAIN_driveops/luxonis_ws/src/traffic_sign/depthai-ros/install/depthai_ros_driver/lib/python3.12/site-packages'
[395.970s] Level 1:colcon.colcon_core.shell:create_environment_hook('depthai_ros_driver', 'pythonpath')
[395.971s] INFO:colcon.colcon_core.shell:Creating environment hook '/home/michele-zarantonello/BFMC/BRAIN_driveops/luxonis_ws/src/traffic_sign/depthai-ros/install/depthai_ros_driver/share/depthai_ros_driver/hook/pythonpath.ps1'
[395.972s] INFO:colcon.colcon_core.shell:Creating environment descriptor '/home/michele-zarantonello/BFMC/BRAIN_driveops/luxonis_ws/src/traffic_sign/depthai-ros/install/depthai_ros_driver/share/depthai_ros_driver/hook/pythonpath.dsv'
[395.973s] INFO:colcon.colcon_core.shell:Creating environment hook '/home/michele-zarantonello/BFMC/BRAIN_driveops/luxonis_ws/src/traffic_sign/depthai-ros/install/depthai_ros_driver/share/depthai_ros_driver/hook/pythonpath.sh'
[395.975s] Level 1:colcon.colcon_core.environment:checking '/home/michele-zarantonello/BFMC/BRAIN_driveops/luxonis_ws/src/traffic_sign/depthai-ros/install/depthai_ros_driver/bin'
[395.977s] INFO:colcon.colcon_core.shell:Creating package script '/home/michele-zarantonello/BFMC/BRAIN_driveops/luxonis_ws/src/traffic_sign/depthai-ros/install/depthai_ros_driver/share/depthai_ros_driver/package.ps1'
[395.982s] INFO:colcon.colcon_core.shell:Creating package descriptor '/home/michele-zarantonello/BFMC/BRAIN_driveops/luxonis_ws/src/traffic_sign/depthai-ros/install/depthai_ros_driver/share/depthai_ros_driver/package.dsv'
[395.985s] INFO:colcon.colcon_core.shell:Creating package script '/home/michele-zarantonello/BFMC/BRAIN_driveops/luxonis_ws/src/traffic_sign/depthai-ros/install/depthai_ros_driver/share/depthai_ros_driver/package.sh'
[395.987s] INFO:colcon.colcon_core.shell:Creating package script '/home/michele-zarantonello/BFMC/BRAIN_driveops/luxonis_ws/src/traffic_sign/depthai-ros/install/depthai_ros_driver/share/depthai_ros_driver/package.bash'
[395.990s] INFO:colcon.colcon_core.shell:Creating package script '/home/michele-zarantonello/BFMC/BRAIN_driveops/luxonis_ws/src/traffic_sign/depthai-ros/install/depthai_ros_driver/share/depthai_ros_driver/package.zsh'
[395.993s] Level 1:colcon.colcon_core.environment:create_file_with_runtime_dependencies(/home/michele-zarantonello/BFMC/BRAIN_driveops/luxonis_ws/src/traffic_sign/depthai-ros/install/depthai_ros_driver/share/colcon-core/packages/depthai_ros_driver)
[395.999s] Level 1:colcon.colcon_core.environment:create_environment_scripts_only(depthai_ros_driver)
[396.000s] Level 1:colcon.colcon_core.environment:checking '/home/michele-zarantonello/BFMC/BRAIN_driveops/luxonis_ws/src/traffic_sign/depthai-ros/install/depthai_ros_driver' for CMake module files
[396.002s] Level 1:colcon.colcon_core.environment:checking '/home/michele-zarantonello/BFMC/BRAIN_driveops/luxonis_ws/src/traffic_sign/depthai-ros/install/depthai_ros_driver' for CMake config files
[396.004s] Level 1:colcon.colcon_core.shell:create_environment_hook('depthai_ros_driver', 'cmake_prefix_path')
[396.004s] INFO:colcon.colcon_core.shell:Creating environment hook '/home/michele-zarantonello/BFMC/BRAIN_driveops/luxonis_ws/src/traffic_sign/depthai-ros/install/depthai_ros_driver/share/depthai_ros_driver/hook/cmake_prefix_path.ps1'
[396.005s] INFO:colcon.colcon_core.shell:Creating environment descriptor '/home/michele-zarantonello/BFMC/BRAIN_driveops/luxonis_ws/src/traffic_sign/depthai-ros/install/depthai_ros_driver/share/depthai_ros_driver/hook/cmake_prefix_path.dsv'
[396.006s] INFO:colcon.colcon_core.shell:Creating environment hook '/home/michele-zarantonello/BFMC/BRAIN_driveops/luxonis_ws/src/traffic_sign/depthai-ros/install/depthai_ros_driver/share/depthai_ros_driver/hook/cmake_prefix_path.sh'
[396.007s] Level 1:colcon.colcon_core.environment:checking '/home/michele-zarantonello/BFMC/BRAIN_driveops/luxonis_ws/src/traffic_sign/depthai-ros/install/depthai_ros_driver/lib'
[396.007s] Level 1:colcon.colcon_core.shell:create_environment_hook('depthai_ros_driver', 'ld_library_path_lib')
[396.008s] INFO:colcon.colcon_core.shell:Creating environment hook '/home/michele-zarantonello/BFMC/BRAIN_driveops/luxonis_ws/src/traffic_sign/depthai-ros/install/depthai_ros_driver/share/depthai_ros_driver/hook/ld_library_path_lib.ps1'
[396.009s] INFO:colcon.colcon_core.shell:Creating environment descriptor '/home/michele-zarantonello/BFMC/BRAIN_driveops/luxonis_ws/src/traffic_sign/depthai-ros/install/depthai_ros_driver/share/depthai_ros_driver/hook/ld_library_path_lib.dsv'
[396.022s] INFO:colcon.colcon_core.shell:Creating environment hook '/home/michele-zarantonello/BFMC/BRAIN_driveops/luxonis_ws/src/traffic_sign/depthai-ros/install/depthai_ros_driver/share/depthai_ros_driver/hook/ld_library_path_lib.sh'
[396.022s] Level 1:colcon.colcon_core.environment:checking '/home/michele-zarantonello/BFMC/BRAIN_driveops/luxonis_ws/src/traffic_sign/depthai-ros/install/depthai_ros_driver/bin'
[396.022s] Level 1:colcon.colcon_core.environment:checking '/home/michele-zarantonello/BFMC/BRAIN_driveops/luxonis_ws/src/traffic_sign/depthai-ros/install/depthai_ros_driver/lib/pkgconfig/depthai_ros_driver.pc'
[396.023s] Level 1:colcon.colcon_core.environment:checking '/home/michele-zarantonello/BFMC/BRAIN_driveops/luxonis_ws/src/traffic_sign/depthai-ros/install/depthai_ros_driver/lib/python3.12/site-packages'
[396.023s] Level 1:colcon.colcon_core.shell:create_environment_hook('depthai_ros_driver', 'pythonpath')
[396.023s] INFO:colcon.colcon_core.shell:Creating environment hook '/home/michele-zarantonello/BFMC/BRAIN_driveops/luxonis_ws/src/traffic_sign/depthai-ros/install/depthai_ros_driver/share/depthai_ros_driver/hook/pythonpath.ps1'
[396.024s] INFO:colcon.colcon_core.shell:Creating environment descriptor '/home/michele-zarantonello/BFMC/BRAIN_driveops/luxonis_ws/src/traffic_sign/depthai-ros/install/depthai_ros_driver/share/depthai_ros_driver/hook/pythonpath.dsv'
[396.024s] INFO:colcon.colcon_core.shell:Creating environment hook '/home/michele-zarantonello/BFMC/BRAIN_driveops/luxonis_ws/src/traffic_sign/depthai-ros/install/depthai_ros_driver/share/depthai_ros_driver/hook/pythonpath.sh'
[396.025s] Level 1:colcon.colcon_core.environment:checking '/home/michele-zarantonello/BFMC/BRAIN_driveops/luxonis_ws/src/traffic_sign/depthai-ros/install/depthai_ros_driver/bin'
[396.026s] INFO:colcon.colcon_core.shell:Creating package script '/home/michele-zarantonello/BFMC/BRAIN_driveops/luxonis_ws/src/traffic_sign/depthai-ros/install/depthai_ros_driver/share/depthai_ros_driver/package.ps1'
[396.027s] INFO:colcon.colcon_core.shell:Creating package descriptor '/home/michele-zarantonello/BFMC/BRAIN_driveops/luxonis_ws/src/traffic_sign/depthai-ros/install/depthai_ros_driver/share/depthai_ros_driver/package.dsv'
[396.028s] INFO:colcon.colcon_core.shell:Creating package script '/home/michele-zarantonello/BFMC/BRAIN_driveops/luxonis_ws/src/traffic_sign/depthai-ros/install/depthai_ros_driver/share/depthai_ros_driver/package.sh'
[396.029s] INFO:colcon.colcon_core.shell:Creating package script '/home/michele-zarantonello/BFMC/BRAIN_driveops/luxonis_ws/src/traffic_sign/depthai-ros/install/depthai_ros_driver/share/depthai_ros_driver/package.bash'
[396.030s] INFO:colcon.colcon_core.shell:Creating package script '/home/michele-zarantonello/BFMC/BRAIN_driveops/luxonis_ws/src/traffic_sign/depthai-ros/install/depthai_ros_driver/share/depthai_ros_driver/package.zsh'
[396.031s] Level 1:colcon.colcon_core.environment:create_file_with_runtime_dependencies(/home/michele-zarantonello/BFMC/BRAIN_driveops/luxonis_ws/src/traffic_sign/depthai-ros/install/depthai_ros_driver/share/colcon-core/packages/depthai_ros_driver)
[396.036s] INFO:colcon.colcon_ros.task.ament_cmake.build:Building ROS package in '/home/michele-zarantonello/BFMC/BRAIN_driveops/luxonis_ws/src/traffic_sign/depthai-ros/depthai-ros/depthai-ros' with build type 'ament_cmake'
[396.038s] INFO:colcon.colcon_cmake.task.cmake.build:Building CMake package in '/home/michele-zarantonello/BFMC/BRAIN_driveops/luxonis_ws/src/traffic_sign/depthai-ros/depthai-ros/depthai-ros'
[396.040s] INFO:colcon.colcon_core.shell:Skip shell extension 'powershell' for command environment: Not usable outside of PowerShell
[396.040s] DEBUG:colcon.colcon_core.shell:Skip shell extension 'dsv' for command environment
[396.094s] DEBUG:colcon.colcon_core.event_handler.log_command:Invoking command in '/home/michele-zarantonello/BFMC/BRAIN_driveops/luxonis_ws/src/traffic_sign/depthai-ros/build/depthai-ros': AMENT_PREFIX_PATH=/home/michele-zarantonello/BFMC/BRAIN_driveops/luxonis_ws/src/traffic_sign/depthai-ros/install/depthai_ros_driver:/home/michele-zarantonello/BFMC/BRAIN_driveops/luxonis_ws/src/traffic_sign/depthai-ros/install/depthai_examples:/home/michele-zarantonello/BFMC/BRAIN_driveops/luxonis_ws/src/traffic_sign/depthai-ros/install/depthai_filters:/home/michele-zarantonello/BFMC/BRAIN_driveops/luxonis_ws/src/traffic_sign/depthai-ros/install/depthai_bridge:/home/michele-zarantonello/BFMC/BRAIN_driveops/luxonis_ws/src/traffic_sign/depthai-ros/install/depthai_ros_msgs:/home/michele-zarantonello/BFMC/BRAIN_driveops/luxonis_ws/src/traffic_sign/depthai-ros/install/depthai_descriptions:${AMENT_PREFIX_PATH} CMAKE_PREFIX_PATH=/home/michele-zarantonello/BFMC/BRAIN_driveops/luxonis_ws/src/traffic_sign/depthai-ros/install/depthai_ros_driver:/home/michele-zarantonello/BFMC/BRAIN_driveops/luxonis_ws/src/traffic_sign/depthai-ros/install/depthai_examples:/home/michele-zarantonello/BFMC/BRAIN_driveops/luxonis_ws/src/traffic_sign/depthai-ros/install/depthai_filters:/home/michele-zarantonello/BFMC/BRAIN_driveops/luxonis_ws/src/traffic_sign/depthai-ros/install/depthai_bridge:/home/michele-zarantonello/BFMC/BRAIN_driveops/luxonis_ws/src/traffic_sign/depthai-ros/install/depthai_ros_msgs:/home/michele-zarantonello/BFMC/BRAIN_driveops/luxonis_ws/src/traffic_sign/depthai-ros/install/depthai_descriptions:/opt/ros/jazzy/opt/gz_sim_vendor:/opt/ros/jazzy/opt/gz_sensors_vendor:/opt/ros/jazzy/opt/gz_physics_vendor:/opt/ros/jazzy/opt/sdformat_vendor:/opt/ros/jazzy/opt/gz_gui_vendor:/opt/ros/jazzy/opt/gz_transport_vendor:/opt/ros/jazzy/opt/gz_rendering_vendor:/opt/ros/jazzy/opt/gz_plugin_vendor:/opt/ros/jazzy/opt/gz_fuel_tools_vendor:/opt/ros/jazzy/opt/gz_msgs_vendor:/opt/ros/jazzy/opt/gz_common_vendor:/opt/ros/jazzy/opt/gz_math_vendor:/opt/ros/jazzy/opt/gz_utils_vendor:/opt/ros/jazzy/opt/gz_tools_vendor:/opt/ros/jazzy/opt/gz_ogre_next_vendor:/opt/ros/jazzy/opt/gz_dartsim_vendor:/opt/ros/jazzy/opt/gz_cmake_vendor:/opt/ros/jazzy DEBUGINFOD_URLS=https://debuginfod.ubuntu.com GAZEBO_MODEL_PATH=/home/michele-zarantonello/BFMC/BRAIN_driveops/luxonis_ws/src/traffic_sign/depthai-ros/install/depthai_descriptions GAZEBO_RESOURCE_PATH=/home/michele-zarantonello/BFMC/BRAIN_driveops/luxonis_ws/src/traffic_sign/depthai-ros/install/depthai_descriptions IGN_GAZEBO_MODEL_PATH=/home/michele-zarantonello/BFMC/BRAIN_driveops/luxonis_ws/src/traffic_sign/depthai-ros/install/depthai_descriptions IGN_GAZEBO_RESOURCE_PATH=/home/michele-zarantonello/BFMC/BRAIN_driveops/luxonis_ws/src/traffic_sign/depthai-ros/install/depthai_descriptions LD_LIBRARY_PATH=/home/michele-zarantonello/BFMC/BRAIN_driveops/luxonis_ws/src/traffic_sign/depthai-ros/install/depthai_ros_driver/lib:/home/michele-zarantonello/BFMC/BRAIN_driveops/luxonis_ws/src/traffic_sign/depthai-ros/install/depthai_filters/lib:/home/michele-zarantonello/BFMC/BRAIN_driveops/luxonis_ws/src/traffic_sign/depthai-ros/install/depthai_bridge/lib:/home/michele-zarantonello/BFMC/BRAIN_driveops/luxonis_ws/src/traffic_sign/depthai-ros/install/depthai_ros_msgs/lib:${LD_LIBRARY_PATH} PYTHONPATH=/home/michele-zarantonello/BFMC/BRAIN_driveops/luxonis_ws/src/traffic_sign/depthai-ros/install/depthai_ros_driver/lib/python3.12/site-packages:/home/michele-zarantonello/BFMC/BRAIN_driveops/luxonis_ws/src/traffic_sign/depthai-ros/install/depthai_ros_msgs/lib/python3.12/site-packages:${PYTHONPATH} /usr/bin/cmake /home/michele-zarantonello/BFMC/BRAIN_driveops/luxonis_ws/src/traffic_sign/depthai-ros/depthai-ros/depthai-ros -DMAKE_BUILD_TYPE=Release -DAMENT_CMAKE_SYMLINK_INSTALL=1 -DCMAKE_INSTALL_PREFIX=/home/michele-zarantonello/BFMC/BRAIN_driveops/luxonis_ws/src/traffic_sign/depthai-ros/install/depthai-ros
[396.863s] DEBUG:colcon.colcon_core.event_handler.log_command:Invoked command in '/home/michele-zarantonello/BFMC/BRAIN_driveops/luxonis_ws/src/traffic_sign/depthai-ros/build/depthai-ros' returned '0': AMENT_PREFIX_PATH=/home/michele-zarantonello/BFMC/BRAIN_driveops/luxonis_ws/src/traffic_sign/depthai-ros/install/depthai_ros_driver:/home/michele-zarantonello/BFMC/BRAIN_driveops/luxonis_ws/src/traffic_sign/depthai-ros/install/depthai_examples:/home/michele-zarantonello/BFMC/BRAIN_driveops/luxonis_ws/src/traffic_sign/depthai-ros/install/depthai_filters:/home/michele-zarantonello/BFMC/BRAIN_driveops/luxonis_ws/src/traffic_sign/depthai-ros/install/depthai_bridge:/home/michele-zarantonello/BFMC/BRAIN_driveops/luxonis_ws/src/traffic_sign/depthai-ros/install/depthai_ros_msgs:/home/michele-zarantonello/BFMC/BRAIN_driveops/luxonis_ws/src/traffic_sign/depthai-ros/install/depthai_descriptions:${AMENT_PREFIX_PATH} CMAKE_PREFIX_PATH=/home/michele-zarantonello/BFMC/BRAIN_driveops/luxonis_ws/src/traffic_sign/depthai-ros/install/depthai_ros_driver:/home/michele-zarantonello/BFMC/BRAIN_driveops/luxonis_ws/src/traffic_sign/depthai-ros/install/depthai_examples:/home/michele-zarantonello/BFMC/BRAIN_driveops/luxonis_ws/src/traffic_sign/depthai-ros/install/depthai_filters:/home/michele-zarantonello/BFMC/BRAIN_driveops/luxonis_ws/src/traffic_sign/depthai-ros/install/depthai_bridge:/home/michele-zarantonello/BFMC/BRAIN_driveops/luxonis_ws/src/traffic_sign/depthai-ros/install/depthai_ros_msgs:/home/michele-zarantonello/BFMC/BRAIN_driveops/luxonis_ws/src/traffic_sign/depthai-ros/install/depthai_descriptions:/opt/ros/jazzy/opt/gz_sim_vendor:/opt/ros/jazzy/opt/gz_sensors_vendor:/opt/ros/jazzy/opt/gz_physics_vendor:/opt/ros/jazzy/opt/sdformat_vendor:/opt/ros/jazzy/opt/gz_gui_vendor:/opt/ros/jazzy/opt/gz_transport_vendor:/opt/ros/jazzy/opt/gz_rendering_vendor:/opt/ros/jazzy/opt/gz_plugin_vendor:/opt/ros/jazzy/opt/gz_fuel_tools_vendor:/opt/ros/jazzy/opt/gz_msgs_vendor:/opt/ros/jazzy/opt/gz_common_vendor:/opt/ros/jazzy/opt/gz_math_vendor:/opt/ros/jazzy/opt/gz_utils_vendor:/opt/ros/jazzy/opt/gz_tools_vendor:/opt/ros/jazzy/opt/gz_ogre_next_vendor:/opt/ros/jazzy/opt/gz_dartsim_vendor:/opt/ros/jazzy/opt/gz_cmake_vendor:/opt/ros/jazzy DEBUGINFOD_URLS=https://debuginfod.ubuntu.com GAZEBO_MODEL_PATH=/home/michele-zarantonello/BFMC/BRAIN_driveops/luxonis_ws/src/traffic_sign/depthai-ros/install/depthai_descriptions GAZEBO_RESOURCE_PATH=/home/michele-zarantonello/BFMC/BRAIN_driveops/luxonis_ws/src/traffic_sign/depthai-ros/install/depthai_descriptions IGN_GAZEBO_MODEL_PATH=/home/michele-zarantonello/BFMC/BRAIN_driveops/luxonis_ws/src/traffic_sign/depthai-ros/install/depthai_descriptions IGN_GAZEBO_RESOURCE_PATH=/home/michele-zarantonello/BFMC/BRAIN_driveops/luxonis_ws/src/traffic_sign/depthai-ros/install/depthai_descriptions LD_LIBRARY_PATH=/home/michele-zarantonello/BFMC/BRAIN_driveops/luxonis_ws/src/traffic_sign/depthai-ros/install/depthai_ros_driver/lib:/home/michele-zarantonello/BFMC/BRAIN_driveops/luxonis_ws/src/traffic_sign/depthai-ros/install/depthai_filters/lib:/home/michele-zarantonello/BFMC/BRAIN_driveops/luxonis_ws/src/traffic_sign/depthai-ros/install/depthai_bridge/lib:/home/michele-zarantonello/BFMC/BRAIN_driveops/luxonis_ws/src/traffic_sign/depthai-ros/install/depthai_ros_msgs/lib:${LD_LIBRARY_PATH} PYTHONPATH=/home/michele-zarantonello/BFMC/BRAIN_driveops/luxonis_ws/src/traffic_sign/depthai-ros/install/depthai_ros_driver/lib/python3.12/site-packages:/home/michele-zarantonello/BFMC/BRAIN_driveops/luxonis_ws/src/traffic_sign/depthai-ros/install/depthai_ros_msgs/lib/python3.12/site-packages:${PYTHONPATH} /usr/bin/cmake /home/michele-zarantonello/BFMC/BRAIN_driveops/luxonis_ws/src/traffic_sign/depthai-ros/depthai-ros/depthai-ros -DMAKE_BUILD_TYPE=Release -DAMENT_CMAKE_SYMLINK_INSTALL=1 -DCMAKE_INSTALL_PREFIX=/home/michele-zarantonello/BFMC/BRAIN_driveops/luxonis_ws/src/traffic_sign/depthai-ros/install/depthai-ros
[396.867s] DEBUG:colcon.colcon_core.event_handler.log_command:Invoking command in '/home/michele-zarantonello/BFMC/BRAIN_driveops/luxonis_ws/src/traffic_sign/depthai-ros/build/depthai-ros': AMENT_PREFIX_PATH=/home/michele-zarantonello/BFMC/BRAIN_driveops/luxonis_ws/src/traffic_sign/depthai-ros/install/depthai_ros_driver:/home/michele-zarantonello/BFMC/BRAIN_driveops/luxonis_ws/src/traffic_sign/depthai-ros/install/depthai_examples:/home/michele-zarantonello/BFMC/BRAIN_driveops/luxonis_ws/src/traffic_sign/depthai-ros/install/depthai_filters:/home/michele-zarantonello/BFMC/BRAIN_driveops/luxonis_ws/src/traffic_sign/depthai-ros/install/depthai_bridge:/home/michele-zarantonello/BFMC/BRAIN_driveops/luxonis_ws/src/traffic_sign/depthai-ros/install/depthai_ros_msgs:/home/michele-zarantonello/BFMC/BRAIN_driveops/luxonis_ws/src/traffic_sign/depthai-ros/install/depthai_descriptions:${AMENT_PREFIX_PATH} CMAKE_PREFIX_PATH=/home/michele-zarantonello/BFMC/BRAIN_driveops/luxonis_ws/src/traffic_sign/depthai-ros/install/depthai_ros_driver:/home/michele-zarantonello/BFMC/BRAIN_driveops/luxonis_ws/src/traffic_sign/depthai-ros/install/depthai_examples:/home/michele-zarantonello/BFMC/BRAIN_driveops/luxonis_ws/src/traffic_sign/depthai-ros/install/depthai_filters:/home/michele-zarantonello/BFMC/BRAIN_driveops/luxonis_ws/src/traffic_sign/depthai-ros/install/depthai_bridge:/home/michele-zarantonello/BFMC/BRAIN_driveops/luxonis_ws/src/traffic_sign/depthai-ros/install/depthai_ros_msgs:/home/michele-zarantonello/BFMC/BRAIN_driveops/luxonis_ws/src/traffic_sign/depthai-ros/install/depthai_descriptions:/opt/ros/jazzy/opt/gz_sim_vendor:/opt/ros/jazzy/opt/gz_sensors_vendor:/opt/ros/jazzy/opt/gz_physics_vendor:/opt/ros/jazzy/opt/sdformat_vendor:/opt/ros/jazzy/opt/gz_gui_vendor:/opt/ros/jazzy/opt/gz_transport_vendor:/opt/ros/jazzy/opt/gz_rendering_vendor:/opt/ros/jazzy/opt/gz_plugin_vendor:/opt/ros/jazzy/opt/gz_fuel_tools_vendor:/opt/ros/jazzy/opt/gz_msgs_vendor:/opt/ros/jazzy/opt/gz_common_vendor:/opt/ros/jazzy/opt/gz_math_vendor:/opt/ros/jazzy/opt/gz_utils_vendor:/opt/ros/jazzy/opt/gz_tools_vendor:/opt/ros/jazzy/opt/gz_ogre_next_vendor:/opt/ros/jazzy/opt/gz_dartsim_vendor:/opt/ros/jazzy/opt/gz_cmake_vendor:/opt/ros/jazzy DEBUGINFOD_URLS=https://debuginfod.ubuntu.com GAZEBO_MODEL_PATH=/home/michele-zarantonello/BFMC/BRAIN_driveops/luxonis_ws/src/traffic_sign/depthai-ros/install/depthai_descriptions GAZEBO_RESOURCE_PATH=/home/michele-zarantonello/BFMC/BRAIN_driveops/luxonis_ws/src/traffic_sign/depthai-ros/install/depthai_descriptions IGN_GAZEBO_MODEL_PATH=/home/michele-zarantonello/BFMC/BRAIN_driveops/luxonis_ws/src/traffic_sign/depthai-ros/install/depthai_descriptions IGN_GAZEBO_RESOURCE_PATH=/home/michele-zarantonello/BFMC/BRAIN_driveops/luxonis_ws/src/traffic_sign/depthai-ros/install/depthai_descriptions LD_LIBRARY_PATH=/home/michele-zarantonello/BFMC/BRAIN_driveops/luxonis_ws/src/traffic_sign/depthai-ros/install/depthai_ros_driver/lib:/home/michele-zarantonello/BFMC/BRAIN_driveops/luxonis_ws/src/traffic_sign/depthai-ros/install/depthai_filters/lib:/home/michele-zarantonello/BFMC/BRAIN_driveops/luxonis_ws/src/traffic_sign/depthai-ros/install/depthai_bridge/lib:/home/michele-zarantonello/BFMC/BRAIN_driveops/luxonis_ws/src/traffic_sign/depthai-ros/install/depthai_ros_msgs/lib:${LD_LIBRARY_PATH} PYTHONPATH=/home/michele-zarantonello/BFMC/BRAIN_driveops/luxonis_ws/src/traffic_sign/depthai-ros/install/depthai_ros_driver/lib/python3.12/site-packages:/home/michele-zarantonello/BFMC/BRAIN_driveops/luxonis_ws/src/traffic_sign/depthai-ros/install/depthai_ros_msgs/lib/python3.12/site-packages:${PYTHONPATH} /usr/bin/cmake --build /home/michele-zarantonello/BFMC/BRAIN_driveops/luxonis_ws/src/traffic_sign/depthai-ros/build/depthai-ros -- -j8 -l8
[396.906s] DEBUG:colcon.colcon_core.event_handler.log_command:Invoked command in '/home/michele-zarantonello/BFMC/BRAIN_driveops/luxonis_ws/src/traffic_sign/depthai-ros/build/depthai-ros' returned '0': AMENT_PREFIX_PATH=/home/michele-zarantonello/BFMC/BRAIN_driveops/luxonis_ws/src/traffic_sign/depthai-ros/install/depthai_ros_driver:/home/michele-zarantonello/BFMC/BRAIN_driveops/luxonis_ws/src/traffic_sign/depthai-ros/install/depthai_examples:/home/michele-zarantonello/BFMC/BRAIN_driveops/luxonis_ws/src/traffic_sign/depthai-ros/install/depthai_filters:/home/michele-zarantonello/BFMC/BRAIN_driveops/luxonis_ws/src/traffic_sign/depthai-ros/install/depthai_bridge:/home/michele-zarantonello/BFMC/BRAIN_driveops/luxonis_ws/src/traffic_sign/depthai-ros/install/depthai_ros_msgs:/home/michele-zarantonello/BFMC/BRAIN_driveops/luxonis_ws/src/traffic_sign/depthai-ros/install/depthai_descriptions:${AMENT_PREFIX_PATH} CMAKE_PREFIX_PATH=/home/michele-zarantonello/BFMC/BRAIN_driveops/luxonis_ws/src/traffic_sign/depthai-ros/install/depthai_ros_driver:/home/michele-zarantonello/BFMC/BRAIN_driveops/luxonis_ws/src/traffic_sign/depthai-ros/install/depthai_examples:/home/michele-zarantonello/BFMC/BRAIN_driveops/luxonis_ws/src/traffic_sign/depthai-ros/install/depthai_filters:/home/michele-zarantonello/BFMC/BRAIN_driveops/luxonis_ws/src/traffic_sign/depthai-ros/install/depthai_bridge:/home/michele-zarantonello/BFMC/BRAIN_driveops/luxonis_ws/src/traffic_sign/depthai-ros/install/depthai_ros_msgs:/home/michele-zarantonello/BFMC/BRAIN_driveops/luxonis_ws/src/traffic_sign/depthai-ros/install/depthai_descriptions:/opt/ros/jazzy/opt/gz_sim_vendor:/opt/ros/jazzy/opt/gz_sensors_vendor:/opt/ros/jazzy/opt/gz_physics_vendor:/opt/ros/jazzy/opt/sdformat_vendor:/opt/ros/jazzy/opt/gz_gui_vendor:/opt/ros/jazzy/opt/gz_transport_vendor:/opt/ros/jazzy/opt/gz_rendering_vendor:/opt/ros/jazzy/opt/gz_plugin_vendor:/opt/ros/jazzy/opt/gz_fuel_tools_vendor:/opt/ros/jazzy/opt/gz_msgs_vendor:/opt/ros/jazzy/opt/gz_common_vendor:/opt/ros/jazzy/opt/gz_math_vendor:/opt/ros/jazzy/opt/gz_utils_vendor:/opt/ros/jazzy/opt/gz_tools_vendor:/opt/ros/jazzy/opt/gz_ogre_next_vendor:/opt/ros/jazzy/opt/gz_dartsim_vendor:/opt/ros/jazzy/opt/gz_cmake_vendor:/opt/ros/jazzy DEBUGINFOD_URLS=https://debuginfod.ubuntu.com GAZEBO_MODEL_PATH=/home/michele-zarantonello/BFMC/BRAIN_driveops/luxonis_ws/src/traffic_sign/depthai-ros/install/depthai_descriptions GAZEBO_RESOURCE_PATH=/home/michele-zarantonello/BFMC/BRAIN_driveops/luxonis_ws/src/traffic_sign/depthai-ros/install/depthai_descriptions IGN_GAZEBO_MODEL_PATH=/home/michele-zarantonello/BFMC/BRAIN_driveops/luxonis_ws/src/traffic_sign/depthai-ros/install/depthai_descriptions IGN_GAZEBO_RESOURCE_PATH=/home/michele-zarantonello/BFMC/BRAIN_driveops/luxonis_ws/src/traffic_sign/depthai-ros/install/depthai_descriptions LD_LIBRARY_PATH=/home/michele-zarantonello/BFMC/BRAIN_driveops/luxonis_ws/src/traffic_sign/depthai-ros/install/depthai_ros_driver/lib:/home/michele-zarantonello/BFMC/BRAIN_driveops/luxonis_ws/src/traffic_sign/depthai-ros/install/depthai_filters/lib:/home/michele-zarantonello/BFMC/BRAIN_driveops/luxonis_ws/src/traffic_sign/depthai-ros/install/depthai_bridge/lib:/home/michele-zarantonello/BFMC/BRAIN_driveops/luxonis_ws/src/traffic_sign/depthai-ros/install/depthai_ros_msgs/lib:${LD_LIBRARY_PATH} PYTHONPATH=/home/michele-zarantonello/BFMC/BRAIN_driveops/luxonis_ws/src/traffic_sign/depthai-ros/install/depthai_ros_driver/lib/python3.12/site-packages:/home/michele-zarantonello/BFMC/BRAIN_driveops/luxonis_ws/src/traffic_sign/depthai-ros/install/depthai_ros_msgs/lib/python3.12/site-packages:${PYTHONPATH} /usr/bin/cmake --build /home/michele-zarantonello/BFMC/BRAIN_driveops/luxonis_ws/src/traffic_sign/depthai-ros/build/depthai-ros -- -j8 -l8
[396.907s] DEBUG:colcon.colcon_core.event_handler.log_command:Invoking command in '/home/michele-zarantonello/BFMC/BRAIN_driveops/luxonis_ws/src/traffic_sign/depthai-ros/build/depthai-ros': AMENT_PREFIX_PATH=/home/michele-zarantonello/BFMC/BRAIN_driveops/luxonis_ws/src/traffic_sign/depthai-ros/install/depthai_ros_driver:/home/michele-zarantonello/BFMC/BRAIN_driveops/luxonis_ws/src/traffic_sign/depthai-ros/install/depthai_examples:/home/michele-zarantonello/BFMC/BRAIN_driveops/luxonis_ws/src/traffic_sign/depthai-ros/install/depthai_filters:/home/michele-zarantonello/BFMC/BRAIN_driveops/luxonis_ws/src/traffic_sign/depthai-ros/install/depthai_bridge:/home/michele-zarantonello/BFMC/BRAIN_driveops/luxonis_ws/src/traffic_sign/depthai-ros/install/depthai_ros_msgs:/home/michele-zarantonello/BFMC/BRAIN_driveops/luxonis_ws/src/traffic_sign/depthai-ros/install/depthai_descriptions:${AMENT_PREFIX_PATH} CMAKE_PREFIX_PATH=/home/michele-zarantonello/BFMC/BRAIN_driveops/luxonis_ws/src/traffic_sign/depthai-ros/install/depthai_ros_driver:/home/michele-zarantonello/BFMC/BRAIN_driveops/luxonis_ws/src/traffic_sign/depthai-ros/install/depthai_examples:/home/michele-zarantonello/BFMC/BRAIN_driveops/luxonis_ws/src/traffic_sign/depthai-ros/install/depthai_filters:/home/michele-zarantonello/BFMC/BRAIN_driveops/luxonis_ws/src/traffic_sign/depthai-ros/install/depthai_bridge:/home/michele-zarantonello/BFMC/BRAIN_driveops/luxonis_ws/src/traffic_sign/depthai-ros/install/depthai_ros_msgs:/home/michele-zarantonello/BFMC/BRAIN_driveops/luxonis_ws/src/traffic_sign/depthai-ros/install/depthai_descriptions:/opt/ros/jazzy/opt/gz_sim_vendor:/opt/ros/jazzy/opt/gz_sensors_vendor:/opt/ros/jazzy/opt/gz_physics_vendor:/opt/ros/jazzy/opt/sdformat_vendor:/opt/ros/jazzy/opt/gz_gui_vendor:/opt/ros/jazzy/opt/gz_transport_vendor:/opt/ros/jazzy/opt/gz_rendering_vendor:/opt/ros/jazzy/opt/gz_plugin_vendor:/opt/ros/jazzy/opt/gz_fuel_tools_vendor:/opt/ros/jazzy/opt/gz_msgs_vendor:/opt/ros/jazzy/opt/gz_common_vendor:/opt/ros/jazzy/opt/gz_math_vendor:/opt/ros/jazzy/opt/gz_utils_vendor:/opt/ros/jazzy/opt/gz_tools_vendor:/opt/ros/jazzy/opt/gz_ogre_next_vendor:/opt/ros/jazzy/opt/gz_dartsim_vendor:/opt/ros/jazzy/opt/gz_cmake_vendor:/opt/ros/jazzy DEBUGINFOD_URLS=https://debuginfod.ubuntu.com GAZEBO_MODEL_PATH=/home/michele-zarantonello/BFMC/BRAIN_driveops/luxonis_ws/src/traffic_sign/depthai-ros/install/depthai_descriptions GAZEBO_RESOURCE_PATH=/home/michele-zarantonello/BFMC/BRAIN_driveops/luxonis_ws/src/traffic_sign/depthai-ros/install/depthai_descriptions IGN_GAZEBO_MODEL_PATH=/home/michele-zarantonello/BFMC/BRAIN_driveops/luxonis_ws/src/traffic_sign/depthai-ros/install/depthai_descriptions IGN_GAZEBO_RESOURCE_PATH=/home/michele-zarantonello/BFMC/BRAIN_driveops/luxonis_ws/src/traffic_sign/depthai-ros/install/depthai_descriptions LD_LIBRARY_PATH=/home/michele-zarantonello/BFMC/BRAIN_driveops/luxonis_ws/src/traffic_sign/depthai-ros/install/depthai_ros_driver/lib:/home/michele-zarantonello/BFMC/BRAIN_driveops/luxonis_ws/src/traffic_sign/depthai-ros/install/depthai_filters/lib:/home/michele-zarantonello/BFMC/BRAIN_driveops/luxonis_ws/src/traffic_sign/depthai-ros/install/depthai_bridge/lib:/home/michele-zarantonello/BFMC/BRAIN_driveops/luxonis_ws/src/traffic_sign/depthai-ros/install/depthai_ros_msgs/lib:${LD_LIBRARY_PATH} PYTHONPATH=/home/michele-zarantonello/BFMC/BRAIN_driveops/luxonis_ws/src/traffic_sign/depthai-ros/install/depthai_ros_driver/lib/python3.12/site-packages:/home/michele-zarantonello/BFMC/BRAIN_driveops/luxonis_ws/src/traffic_sign/depthai-ros/install/depthai_ros_msgs/lib/python3.12/site-packages:${PYTHONPATH} /usr/bin/cmake --install /home/michele-zarantonello/BFMC/BRAIN_driveops/luxonis_ws/src/traffic_sign/depthai-ros/build/depthai-ros
[397.050s] Level 1:colcon.colcon_core.environment:create_environment_scripts_only(depthai-ros)
[397.051s] Level 1:colcon.colcon_core.environment:checking '/home/michele-zarantonello/BFMC/BRAIN_driveops/luxonis_ws/src/traffic_sign/depthai-ros/install/depthai-ros' for CMake module files
[397.051s] DEBUG:colcon.colcon_core.event_handler.log_command:Invoked command in '/home/michele-zarantonello/BFMC/BRAIN_driveops/luxonis_ws/src/traffic_sign/depthai-ros/build/depthai-ros' returned '0': AMENT_PREFIX_PATH=/home/michele-zarantonello/BFMC/BRAIN_driveops/luxonis_ws/src/traffic_sign/depthai-ros/install/depthai_ros_driver:/home/michele-zarantonello/BFMC/BRAIN_driveops/luxonis_ws/src/traffic_sign/depthai-ros/install/depthai_examples:/home/michele-zarantonello/BFMC/BRAIN_driveops/luxonis_ws/src/traffic_sign/depthai-ros/install/depthai_filters:/home/michele-zarantonello/BFMC/BRAIN_driveops/luxonis_ws/src/traffic_sign/depthai-ros/install/depthai_bridge:/home/michele-zarantonello/BFMC/BRAIN_driveops/luxonis_ws/src/traffic_sign/depthai-ros/install/depthai_ros_msgs:/home/michele-zarantonello/BFMC/BRAIN_driveops/luxonis_ws/src/traffic_sign/depthai-ros/install/depthai_descriptions:${AMENT_PREFIX_PATH} CMAKE_PREFIX_PATH=/home/michele-zarantonello/BFMC/BRAIN_driveops/luxonis_ws/src/traffic_sign/depthai-ros/install/depthai_ros_driver:/home/michele-zarantonello/BFMC/BRAIN_driveops/luxonis_ws/src/traffic_sign/depthai-ros/install/depthai_examples:/home/michele-zarantonello/BFMC/BRAIN_driveops/luxonis_ws/src/traffic_sign/depthai-ros/install/depthai_filters:/home/michele-zarantonello/BFMC/BRAIN_driveops/luxonis_ws/src/traffic_sign/depthai-ros/install/depthai_bridge:/home/michele-zarantonello/BFMC/BRAIN_driveops/luxonis_ws/src/traffic_sign/depthai-ros/install/depthai_ros_msgs:/home/michele-zarantonello/BFMC/BRAIN_driveops/luxonis_ws/src/traffic_sign/depthai-ros/install/depthai_descriptions:/opt/ros/jazzy/opt/gz_sim_vendor:/opt/ros/jazzy/opt/gz_sensors_vendor:/opt/ros/jazzy/opt/gz_physics_vendor:/opt/ros/jazzy/opt/sdformat_vendor:/opt/ros/jazzy/opt/gz_gui_vendor:/opt/ros/jazzy/opt/gz_transport_vendor:/opt/ros/jazzy/opt/gz_rendering_vendor:/opt/ros/jazzy/opt/gz_plugin_vendor:/opt/ros/jazzy/opt/gz_fuel_tools_vendor:/opt/ros/jazzy/opt/gz_msgs_vendor:/opt/ros/jazzy/opt/gz_common_vendor:/opt/ros/jazzy/opt/gz_math_vendor:/opt/ros/jazzy/opt/gz_utils_vendor:/opt/ros/jazzy/opt/gz_tools_vendor:/opt/ros/jazzy/opt/gz_ogre_next_vendor:/opt/ros/jazzy/opt/gz_dartsim_vendor:/opt/ros/jazzy/opt/gz_cmake_vendor:/opt/ros/jazzy DEBUGINFOD_URLS=https://debuginfod.ubuntu.com GAZEBO_MODEL_PATH=/home/michele-zarantonello/BFMC/BRAIN_driveops/luxonis_ws/src/traffic_sign/depthai-ros/install/depthai_descriptions GAZEBO_RESOURCE_PATH=/home/michele-zarantonello/BFMC/BRAIN_driveops/luxonis_ws/src/traffic_sign/depthai-ros/install/depthai_descriptions IGN_GAZEBO_MODEL_PATH=/home/michele-zarantonello/BFMC/BRAIN_driveops/luxonis_ws/src/traffic_sign/depthai-ros/install/depthai_descriptions IGN_GAZEBO_RESOURCE_PATH=/home/michele-zarantonello/BFMC/BRAIN_driveops/luxonis_ws/src/traffic_sign/depthai-ros/install/depthai_descriptions LD_LIBRARY_PATH=/home/michele-zarantonello/BFMC/BRAIN_driveops/luxonis_ws/src/traffic_sign/depthai-ros/install/depthai_ros_driver/lib:/home/michele-zarantonello/BFMC/BRAIN_driveops/luxonis_ws/src/traffic_sign/depthai-ros/install/depthai_filters/lib:/home/michele-zarantonello/BFMC/BRAIN_driveops/luxonis_ws/src/traffic_sign/depthai-ros/install/depthai_bridge/lib:/home/michele-zarantonello/BFMC/BRAIN_driveops/luxonis_ws/src/traffic_sign/depthai-ros/install/depthai_ros_msgs/lib:${LD_LIBRARY_PATH} PYTHONPATH=/home/michele-zarantonello/BFMC/BRAIN_driveops/luxonis_ws/src/traffic_sign/depthai-ros/install/depthai_ros_driver/lib/python3.12/site-packages:/home/michele-zarantonello/BFMC/BRAIN_driveops/luxonis_ws/src/traffic_sign/depthai-ros/install/depthai_ros_msgs/lib/python3.12/site-packages:${PYTHONPATH} /usr/bin/cmake --install /home/michele-zarantonello/BFMC/BRAIN_driveops/luxonis_ws/src/traffic_sign/depthai-ros/build/depthai-ros
[397.052s] Level 1:colcon.colcon_core.environment:checking '/home/michele-zarantonello/BFMC/BRAIN_driveops/luxonis_ws/src/traffic_sign/depthai-ros/install/depthai-ros' for CMake config files
[397.052s] Level 1:colcon.colcon_core.shell:create_environment_hook('depthai-ros', 'cmake_prefix_path')
[397.053s] INFO:colcon.colcon_core.shell:Creating environment hook '/home/michele-zarantonello/BFMC/BRAIN_driveops/luxonis_ws/src/traffic_sign/depthai-ros/install/depthai-ros/share/depthai-ros/hook/cmake_prefix_path.ps1'
[397.053s] INFO:colcon.colcon_core.shell:Creating environment descriptor '/home/michele-zarantonello/BFMC/BRAIN_driveops/luxonis_ws/src/traffic_sign/depthai-ros/install/depthai-ros/share/depthai-ros/hook/cmake_prefix_path.dsv'
[397.054s] INFO:colcon.colcon_core.shell:Creating environment hook '/home/michele-zarantonello/BFMC/BRAIN_driveops/luxonis_ws/src/traffic_sign/depthai-ros/install/depthai-ros/share/depthai-ros/hook/cmake_prefix_path.sh'
[397.054s] Level 1:colcon.colcon_core.environment:checking '/home/michele-zarantonello/BFMC/BRAIN_driveops/luxonis_ws/src/traffic_sign/depthai-ros/install/depthai-ros/bin'
[397.054s] Level 1:colcon.colcon_core.environment:checking '/home/michele-zarantonello/BFMC/BRAIN_driveops/luxonis_ws/src/traffic_sign/depthai-ros/install/depthai-ros/lib/pkgconfig/depthai-ros.pc'
[397.055s] Level 1:colcon.colcon_core.environment:checking '/home/michele-zarantonello/BFMC/BRAIN_driveops/luxonis_ws/src/traffic_sign/depthai-ros/install/depthai-ros/lib/python3.12/site-packages'
[397.055s] Level 1:colcon.colcon_core.environment:checking '/home/michele-zarantonello/BFMC/BRAIN_driveops/luxonis_ws/src/traffic_sign/depthai-ros/install/depthai-ros/bin'
[397.055s] INFO:colcon.colcon_core.shell:Creating package script '/home/michele-zarantonello/BFMC/BRAIN_driveops/luxonis_ws/src/traffic_sign/depthai-ros/install/depthai-ros/share/depthai-ros/package.ps1'
[397.056s] INFO:colcon.colcon_core.shell:Creating package descriptor '/home/michele-zarantonello/BFMC/BRAIN_driveops/luxonis_ws/src/traffic_sign/depthai-ros/install/depthai-ros/share/depthai-ros/package.dsv'
[397.056s] INFO:colcon.colcon_core.shell:Creating package script '/home/michele-zarantonello/BFMC/BRAIN_driveops/luxonis_ws/src/traffic_sign/depthai-ros/install/depthai-ros/share/depthai-ros/package.sh'
[397.056s] INFO:colcon.colcon_core.shell:Creating package script '/home/michele-zarantonello/BFMC/BRAIN_driveops/luxonis_ws/src/traffic_sign/depthai-ros/install/depthai-ros/share/depthai-ros/package.bash'
[397.057s] INFO:colcon.colcon_core.shell:Creating package script '/home/michele-zarantonello/BFMC/BRAIN_driveops/luxonis_ws/src/traffic_sign/depthai-ros/install/depthai-ros/share/depthai-ros/package.zsh'
[397.057s] Level 1:colcon.colcon_core.environment:create_file_with_runtime_dependencies(/home/michele-zarantonello/BFMC/BRAIN_driveops/luxonis_ws/src/traffic_sign/depthai-ros/install/depthai-ros/share/colcon-core/packages/depthai-ros)
[397.058s] Level 1:colcon.colcon_core.environment:create_environment_scripts_only(depthai-ros)
[397.059s] Level 1:colcon.colcon_core.environment:checking '/home/michele-zarantonello/BFMC/BRAIN_driveops/luxonis_ws/src/traffic_sign/depthai-ros/install/depthai-ros' for CMake module files
[397.059s] Level 1:colcon.colcon_core.environment:checking '/home/michele-zarantonello/BFMC/BRAIN_driveops/luxonis_ws/src/traffic_sign/depthai-ros/install/depthai-ros' for CMake config files
[397.060s] Level 1:colcon.colcon_core.shell:create_environment_hook('depthai-ros', 'cmake_prefix_path')
[397.060s] INFO:colcon.colcon_core.shell:Creating environment hook '/home/michele-zarantonello/BFMC/BRAIN_driveops/luxonis_ws/src/traffic_sign/depthai-ros/install/depthai-ros/share/depthai-ros/hook/cmake_prefix_path.ps1'
[397.060s] INFO:colcon.colcon_core.shell:Creating environment descriptor '/home/michele-zarantonello/BFMC/BRAIN_driveops/luxonis_ws/src/traffic_sign/depthai-ros/install/depthai-ros/share/depthai-ros/hook/cmake_prefix_path.dsv'
[397.060s] INFO:colcon.colcon_core.shell:Creating environment hook '/home/michele-zarantonello/BFMC/BRAIN_driveops/luxonis_ws/src/traffic_sign/depthai-ros/install/depthai-ros/share/depthai-ros/hook/cmake_prefix_path.sh'
[397.061s] Level 1:colcon.colcon_core.environment:checking '/home/michele-zarantonello/BFMC/BRAIN_driveops/luxonis_ws/src/traffic_sign/depthai-ros/install/depthai-ros/bin'
[397.061s] Level 1:colcon.colcon_core.environment:checking '/home/michele-zarantonello/BFMC/BRAIN_driveops/luxonis_ws/src/traffic_sign/depthai-ros/install/depthai-ros/lib/pkgconfig/depthai-ros.pc'
[397.061s] Level 1:colcon.colcon_core.environment:checking '/home/michele-zarantonello/BFMC/BRAIN_driveops/luxonis_ws/src/traffic_sign/depthai-ros/install/depthai-ros/lib/python3.12/site-packages'
[397.061s] Level 1:colcon.colcon_core.environment:checking '/home/michele-zarantonello/BFMC/BRAIN_driveops/luxonis_ws/src/traffic_sign/depthai-ros/install/depthai-ros/bin'
[397.061s] INFO:colcon.colcon_core.shell:Creating package script '/home/michele-zarantonello/BFMC/BRAIN_driveops/luxonis_ws/src/traffic_sign/depthai-ros/install/depthai-ros/share/depthai-ros/package.ps1'
[397.062s] INFO:colcon.colcon_core.shell:Creating package descriptor '/home/michele-zarantonello/BFMC/BRAIN_driveops/luxonis_ws/src/traffic_sign/depthai-ros/install/depthai-ros/share/depthai-ros/package.dsv'
[397.062s] INFO:colcon.colcon_core.shell:Creating package script '/home/michele-zarantonello/BFMC/BRAIN_driveops/luxonis_ws/src/traffic_sign/depthai-ros/install/depthai-ros/share/depthai-ros/package.sh'
[397.063s] INFO:colcon.colcon_core.shell:Creating package script '/home/michele-zarantonello/BFMC/BRAIN_driveops/luxonis_ws/src/traffic_sign/depthai-ros/install/depthai-ros/share/depthai-ros/package.bash'
[397.063s] INFO:colcon.colcon_core.shell:Creating package script '/home/michele-zarantonello/BFMC/BRAIN_driveops/luxonis_ws/src/traffic_sign/depthai-ros/install/depthai-ros/share/depthai-ros/package.zsh'
[397.064s] Level 1:colcon.colcon_core.environment:create_file_with_runtime_dependencies(/home/michele-zarantonello/BFMC/BRAIN_driveops/luxonis_ws/src/traffic_sign/depthai-ros/install/depthai-ros/share/colcon-core/packages/depthai-ros)
[397.066s] DEBUG:colcon.colcon_parallel_executor.executor.parallel:closing loop
[397.070s] DEBUG:colcon.colcon_parallel_executor.executor.parallel:loop closed
[397.070s] DEBUG:colcon.colcon_parallel_executor.executor.parallel:run_until_complete finished with '0'
[397.073s] DEBUG:colcon.colcon_core.event_reactor:joining thread
[397.178s] INFO:colcon.colcon_core.plugin_system:Skipping extension 'colcon_notification.desktop_notification.terminal_notifier': Not used on non-Darwin systems
[397.179s] INFO:colcon.colcon_core.plugin_system:Skipping extension 'colcon_notification.desktop_notification.win32': Not used on non-Windows systems
[397.179s] INFO:colcon.colcon_notification.desktop_notification:Sending desktop notification using 'notify2'
[397.298s] DEBUG:colcon.colcon_core.event_reactor:joined thread
[397.301s] INFO:colcon.colcon_core.shell:Creating prefix script '/home/michele-zarantonello/BFMC/BRAIN_driveops/luxonis_ws/src/traffic_sign/depthai-ros/install/local_setup.ps1'
[397.304s] INFO:colcon.colcon_core.shell:Creating prefix util module '/home/michele-zarantonello/BFMC/BRAIN_driveops/luxonis_ws/src/traffic_sign/depthai-ros/install/_local_setup_util_ps1.py'
[397.307s] INFO:colcon.colcon_core.shell:Creating prefix chain script '/home/michele-zarantonello/BFMC/BRAIN_driveops/luxonis_ws/src/traffic_sign/depthai-ros/install/setup.ps1'
[397.309s] INFO:colcon.colcon_core.shell:Creating prefix script '/home/michele-zarantonello/BFMC/BRAIN_driveops/luxonis_ws/src/traffic_sign/depthai-ros/install/local_setup.sh'
[397.310s] INFO:colcon.colcon_core.shell:Creating prefix util module '/home/michele-zarantonello/BFMC/BRAIN_driveops/luxonis_ws/src/traffic_sign/depthai-ros/install/_local_setup_util_sh.py'
[397.311s] INFO:colcon.colcon_core.shell:Creating prefix chain script '/home/michele-zarantonello/BFMC/BRAIN_driveops/luxonis_ws/src/traffic_sign/depthai-ros/install/setup.sh'
[397.313s] INFO:colcon.colcon_core.shell:Creating prefix script '/home/michele-zarantonello/BFMC/BRAIN_driveops/luxonis_ws/src/traffic_sign/depthai-ros/install/local_setup.bash'
[397.314s] INFO:colcon.colcon_core.shell:Creating prefix chain script '/home/michele-zarantonello/BFMC/BRAIN_driveops/luxonis_ws/src/traffic_sign/depthai-ros/install/setup.bash'
[397.316s] INFO:colcon.colcon_core.shell:Creating prefix script '/home/michele-zarantonello/BFMC/BRAIN_driveops/luxonis_ws/src/traffic_sign/depthai-ros/install/local_setup.zsh'
[397.317s] INFO:colcon.colcon_core.shell:Creating prefix chain script '/home/michele-zarantonello/BFMC/BRAIN_driveops/luxonis_ws/src/traffic_sign/depthai-ros/install/setup.zsh'
